{
"meta":{"test_sets":[],"test_metrics":[],"learn_metrics":[{"best_value":"Min","name":"RMSE"}],"launch_mode":"Train","parameters":"","iteration_count":1000,"learn_sets":["learn"],"name":"experiment"},
"iterations":[
{"learn":[0.9648840623],"iteration":0,"passed_time":0.06257550069,"remaining_time":62.51292519},
{"learn":[0.9321014069],"iteration":1,"passed_time":0.07001840955,"remaining_time":34.93918637},
{"learn":[0.9007581987],"iteration":2,"passed_time":0.0725338095,"remaining_time":24.10540269},
{"learn":[0.8740374748],"iteration":3,"passed_time":0.0747089617,"remaining_time":18.60253146},
{"learn":[0.8528915218],"iteration":4,"passed_time":0.07719407018,"remaining_time":15.36161997},
{"learn":[0.8318243157],"iteration":5,"passed_time":0.07963572062,"remaining_time":13.19298438},
{"learn":[0.8100520132],"iteration":6,"passed_time":0.08201153816,"remaining_time":11.63392248},
{"learn":[0.7931481338],"iteration":7,"passed_time":0.08454981295,"remaining_time":10.48417681},
{"learn":[0.7719289075],"iteration":8,"passed_time":0.08696271358,"remaining_time":9.575561018},
{"learn":[0.7477907456],"iteration":9,"passed_time":0.08994386043,"remaining_time":8.904442183},
{"learn":[0.7339084333],"iteration":10,"passed_time":0.09236767765,"remaining_time":8.304693927},
{"learn":[0.7222183253],"iteration":11,"passed_time":0.09504624318,"remaining_time":7.825474022},
{"learn":[0.7026881845],"iteration":12,"passed_time":0.09751368511,"remaining_time":7.403539016},
{"learn":[0.6917535811],"iteration":13,"passed_time":0.09979354495,"remaining_time":7.028316809},
{"learn":[0.6752594582],"iteration":14,"passed_time":0.1022529036,"remaining_time":6.714607337},
{"learn":[0.6644613189],"iteration":15,"passed_time":0.1048738028,"remaining_time":6.449738875},
{"learn":[0.6520619115],"iteration":16,"passed_time":0.1073998277,"remaining_time":6.210237097},
{"learn":[0.6436358351],"iteration":17,"passed_time":0.1097040624,"remaining_time":5.984966071},
{"learn":[0.6319899394],"iteration":18,"passed_time":0.1121425462,"remaining_time":5.790096727},
{"learn":[0.6239044378],"iteration":19,"passed_time":0.1146181131,"remaining_time":5.616287541},
{"learn":[0.6141976068],"iteration":20,"passed_time":0.1172975536,"remaining_time":5.468300237},
{"learn":[0.6050268813],"iteration":21,"passed_time":0.1197688288,"remaining_time":5.324268845},
{"learn":[0.5952571568],"iteration":22,"passed_time":0.1222618956,"remaining_time":5.193472695},
{"learn":[0.5884631361],"iteration":23,"passed_time":0.1245457554,"remaining_time":5.06486072},
{"learn":[0.5813905762],"iteration":24,"passed_time":0.1276190266,"remaining_time":4.977142039},
{"learn":[0.57437284],"iteration":25,"passed_time":0.1301190517,"remaining_time":4.87445986},
{"learn":[0.5675334133],"iteration":26,"passed_time":0.1325752437,"remaining_time":4.777618968},
{"learn":[0.5604469143],"iteration":27,"passed_time":0.1350498939,"remaining_time":4.688160603},
{"learn":[0.5538248369],"iteration":28,"passed_time":0.1374690862,"remaining_time":4.60284423},
{"learn":[0.5469433042],"iteration":29,"passed_time":0.1399751528,"remaining_time":4.525863275},
{"learn":[0.5414561396],"iteration":30,"passed_time":0.1424472614,"remaining_time":4.452625687},
{"learn":[0.5366113175],"iteration":31,"passed_time":0.1448763286,"remaining_time":4.38250894},
{"learn":[0.5328631453],"iteration":32,"passed_time":0.1472853126,"remaining_time":4.315905978},
{"learn":[0.526304365],"iteration":33,"passed_time":0.149633422,"remaining_time":4.251349577},
{"learn":[0.5205739102],"iteration":34,"passed_time":0.1523106125,"remaining_time":4.199421174},
{"learn":[0.5121387914],"iteration":35,"passed_time":0.1547447213,"remaining_time":4.14371976},
{"learn":[0.5035391254],"iteration":36,"passed_time":0.157298996,"remaining_time":4.094025221},
{"learn":[0.5000892548],"iteration":37,"passed_time":0.1595651893,"remaining_time":4.039518739},
{"learn":[0.4971957773],"iteration":38,"passed_time":0.1619339652,"remaining_time":3.990218989},
{"learn":[0.492377153],"iteration":39,"passed_time":0.1643544075,"remaining_time":3.944505779},
{"learn":[0.4850673535],"iteration":40,"passed_time":0.1669382653,"remaining_time":3.904726741},
{"learn":[0.4798820637],"iteration":41,"passed_time":0.1694477903,"remaining_time":3.865023406},
{"learn":[0.4755214738],"iteration":42,"passed_time":0.1717165252,"remaining_time":3.821691037},
{"learn":[0.472572692],"iteration":43,"passed_time":0.1740188015,"remaining_time":3.780953961},
{"learn":[0.4668052523],"iteration":44,"passed_time":0.1763694942,"remaining_time":3.7429526},
{"learn":[0.4631976177],"iteration":45,"passed_time":0.1789480188,"remaining_time":3.711226302},
{"learn":[0.4558345429],"iteration":46,"passed_time":0.1816233343,"remaining_time":3.682702928},
{"learn":[0.4481905322],"iteration":47,"passed_time":0.1843660244,"remaining_time":3.656592818},
{"learn":[0.4450935724],"iteration":48,"passed_time":0.1869231741,"remaining_time":3.627835481},
{"learn":[0.439199169],"iteration":49,"passed_time":0.1895721565,"remaining_time":3.601870973},
{"learn":[0.4355116152],"iteration":50,"passed_time":0.1919263492,"remaining_time":3.571335399},
{"learn":[0.4324338286],"iteration":51,"passed_time":0.1942683753,"remaining_time":3.541661918},
{"learn":[0.4281258557],"iteration":52,"passed_time":0.1967599004,"remaining_time":3.51569105},
{"learn":[0.4264286065],"iteration":53,"passed_time":0.1987883036,"remaining_time":3.482476577},
{"learn":[0.4219522397],"iteration":54,"passed_time":0.2011444129,"remaining_time":3.456026731},
{"learn":[0.4204580136],"iteration":55,"passed_time":0.2030982749,"remaining_time":3.423656634},
{"learn":[0.4176737499],"iteration":56,"passed_time":0.2056204248,"remaining_time":3.401755449},
{"learn":[0.4123318664],"iteration":57,"passed_time":0.2081489913,"remaining_time":3.380626721},
{"learn":[0.4112125776],"iteration":58,"passed_time":0.2104357678,"remaining_time":3.356272161},
{"learn":[0.4095643891],"iteration":59,"passed_time":0.2128198769,"remaining_time":3.334178072},
{"learn":[0.4036359686],"iteration":60,"passed_time":0.2154412345,"remaining_time":3.316382282},
{"learn":[0.401392096],"iteration":61,"passed_time":0.2177935522,"remaining_time":3.295005677},
{"learn":[0.3992920348],"iteration":62,"passed_time":0.2202638691,"remaining_time":3.275988022},
{"learn":[0.397831147],"iteration":63,"passed_time":0.2226200618,"remaining_time":3.255818404},
{"learn":[0.3887350924],"iteration":64,"passed_time":0.2253387937,"remaining_time":3.241411879},
{"learn":[0.3841287279],"iteration":65,"passed_time":0.2283350655,"remaining_time":3.231287139},
{"learn":[0.3820119214],"iteration":66,"passed_time":0.2306798832,"remaining_time":3.212303448},
{"learn":[0.3792552327],"iteration":67,"passed_time":0.2330841172,"remaining_time":3.194623489},
{"learn":[0.3704941042],"iteration":68,"passed_time":0.2357601411,"remaining_time":3.181053498},
{"learn":[0.3638907367],"iteration":69,"passed_time":0.238281416,"remaining_time":3.165738813},
{"learn":[0.3618584302],"iteration":70,"passed_time":0.2406970666,"remaining_time":3.149402463},
{"learn":[0.3585936347],"iteration":71,"passed_time":0.2430653842,"remaining_time":3.13284273},
{"learn":[0.3562675296],"iteration":72,"passed_time":0.2464048204,"remaining_time":3.129003678},
{"learn":[0.3528041956],"iteration":73,"passed_time":0.2490363445,"remaining_time":3.116319663},
{"learn":[0.3497108175],"iteration":74,"passed_time":0.2518246177,"remaining_time":3.105836951},
{"learn":[0.3462754119],"iteration":75,"passed_time":0.2549072222,"remaining_time":3.099135175},
{"learn":[0.3423279187],"iteration":76,"passed_time":0.2575189548,"remaining_time":3.086883056},
{"learn":[0.3359541475],"iteration":77,"passed_time":0.2598545226,"remaining_time":3.071613716},
{"learn":[0.3327734121],"iteration":78,"passed_time":0.262208507,"remaining_time":3.056886518},
{"learn":[0.3319060827],"iteration":79,"passed_time":0.2646486574,"remaining_time":3.04345956},
{"learn":[0.3289435341],"iteration":80,"passed_time":0.2671955571,"remaining_time":3.031515025},
{"learn":[0.3269695101],"iteration":81,"passed_time":0.2706616174,"remaining_time":3.030089815},
{"learn":[0.3255465082],"iteration":82,"passed_time":0.2732853917,"remaining_time":3.019309689},
{"learn":[0.3183368585],"iteration":83,"passed_time":0.2760996646,"remaining_time":3.010801105},
{"learn":[0.3167178652],"iteration":84,"passed_time":0.2785380234,"remaining_time":2.998379899},
{"learn":[0.3158650801],"iteration":85,"passed_time":0.2809243409,"remaining_time":2.985637762},
{"learn":[0.3107548503],"iteration":86,"passed_time":0.2834794489,"remaining_time":2.974905021},
{"learn":[0.3102065411],"iteration":87,"passed_time":0.2858599747,"remaining_time":2.962548829},
{"learn":[0.3052603066],"iteration":88,"passed_time":0.2883767497,"remaining_time":2.951811449},
{"learn":[0.3013515547],"iteration":89,"passed_time":0.2908971913,"remaining_time":2.941293823},
{"learn":[0.2980081017],"iteration":90,"passed_time":0.2935529653,"remaining_time":2.932303796},
{"learn":[0.2956908456],"iteration":91,"passed_time":0.2959654492,"remaining_time":2.921050303},
{"learn":[0.2926817817],"iteration":92,"passed_time":0.2986119316,"remaining_time":2.912269054},
{"learn":[0.2912836932],"iteration":93,"passed_time":0.3012708723,"remaining_time":2.903738407},
{"learn":[0.2899048461],"iteration":94,"passed_time":0.3039470212,"remaining_time":2.895495307},
{"learn":[0.2872393672],"iteration":95,"passed_time":0.3063727134,"remaining_time":2.885009718},
{"learn":[0.2838143503],"iteration":96,"passed_time":0.3093289854,"remaining_time":2.879629627},
{"learn":[0.2822733596],"iteration":97,"passed_time":0.311852927,"remaining_time":2.870319797},
{"learn":[0.2784723703],"iteration":98,"passed_time":0.314609117,"remaining_time":2.863260751},
{"learn":[0.2763067656],"iteration":99,"passed_time":0.3171276836,"remaining_time":2.854149152},
{"learn":[0.2748585729],"iteration":100,"passed_time":0.3195389592,"remaining_time":2.844213112},
{"learn":[0.273917565],"iteration":101,"passed_time":0.3219071101,"remaining_time":2.83404495},
{"learn":[0.2729555853],"iteration":102,"passed_time":0.3244420516,"remaining_time":2.825480779},
{"learn":[0.2679824531],"iteration":103,"passed_time":0.3275099062,"remaining_time":2.821623807},
{"learn":[0.266885326],"iteration":104,"passed_time":0.3297422664,"remaining_time":2.81066027},
{"learn":[0.2654221388],"iteration":105,"passed_time":0.3321395838,"remaining_time":2.801252716},
{"learn":[0.2629759997],"iteration":106,"passed_time":0.3346159006,"remaining_time":2.792635507},
{"learn":[0.2624625769],"iteration":107,"passed_time":0.3375454645,"remaining_time":2.787875503},
{"learn":[0.2600204647],"iteration":108,"passed_time":0.3401300306,"remaining_time":2.780328966},
{"learn":[0.2573726659],"iteration":109,"passed_time":0.3426006809,"remaining_time":2.771950964},
{"learn":[0.2546661892],"iteration":110,"passed_time":0.345038123,"remaining_time":2.763413436},
{"learn":[0.2518166733],"iteration":111,"passed_time":0.3475369814,"remaining_time":2.755471781},
{"learn":[0.2476619665],"iteration":112,"passed_time":0.3499324238,"remaining_time":2.74681469},
{"learn":[0.2453868274],"iteration":113,"passed_time":0.3524184073,"remaining_time":2.73897113},
{"learn":[0.2414704396],"iteration":114,"passed_time":0.3549151824,"remaining_time":2.731303795},
{"learn":[0.240544451],"iteration":115,"passed_time":0.3572074588,"remaining_time":2.722167186},
{"learn":[0.2381602165],"iteration":116,"passed_time":0.3596713174,"remaining_time":2.714442507},
{"learn":[0.2369850657],"iteration":117,"passed_time":0.3620154685,"remaining_time":2.705912231},
{"learn":[0.2315107847],"iteration":118,"passed_time":0.3645659932,"remaining_time":2.699013782},
{"learn":[0.2300166031],"iteration":119,"passed_time":0.3668840195,"remaining_time":2.690482809},
{"learn":[0.2267795224],"iteration":120,"passed_time":0.3694323359,"remaining_time":2.683727465},
{"learn":[0.2261548349],"iteration":121,"passed_time":0.371674821,"remaining_time":2.674840105},
{"learn":[0.2256929101],"iteration":122,"passed_time":0.3740729717,"remaining_time":2.6671707},
{"learn":[0.2237522136],"iteration":123,"passed_time":0.3764019979,"remaining_time":2.659097985},
{"learn":[0.2186828551],"iteration":124,"passed_time":0.3792076042,"remaining_time":2.654453229},
{"learn":[0.2174192422],"iteration":125,"passed_time":0.3815879634,"remaining_time":2.646887937},
{"learn":[0.2138508519],"iteration":126,"passed_time":0.3842867788,"remaining_time":2.641593369},
{"learn":[0.2120570754],"iteration":127,"passed_time":0.3868459701,"remaining_time":2.635388171},
{"learn":[0.2115813524],"iteration":128,"passed_time":0.38912208,"remaining_time":2.627328152},
{"learn":[0.2098928033],"iteration":129,"passed_time":0.3916338133,"remaining_time":2.620933981},
{"learn":[0.2089742818],"iteration":130,"passed_time":0.3939282564,"remaining_time":2.61315767},
{"learn":[0.2066177281],"iteration":131,"passed_time":0.3967224878,"remaining_time":2.608750904},
{"learn":[0.2057025243],"iteration":132,"passed_time":0.3991800964,"remaining_time":2.602174012},
{"learn":[0.2050195042],"iteration":133,"passed_time":0.4019822861,"remaining_time":2.597885521},
{"learn":[0.2009539914],"iteration":134,"passed_time":0.4045864355,"remaining_time":2.592350124},
{"learn":[0.1989180215],"iteration":135,"passed_time":0.4070632524,"remaining_time":2.586048897},
{"learn":[0.1968820761],"iteration":136,"passed_time":0.4095560275,"remaining_time":2.579904027},
{"learn":[0.1960885847],"iteration":137,"passed_time":0.4125305494,"remaining_time":2.576821258},
{"learn":[0.1943256507],"iteration":138,"passed_time":0.41518599,"remaining_time":2.571763579},
{"learn":[0.1906518919],"iteration":139,"passed_time":0.4181438037,"remaining_time":2.568597651},
{"learn":[0.1893290365],"iteration":140,"passed_time":0.4205548294,"remaining_time":2.562103535},
{"learn":[0.188618811],"iteration":141,"passed_time":0.4230681876,"remaining_time":2.556285246},
{"learn":[0.1880501205],"iteration":142,"passed_time":0.4257376699,"remaining_time":2.551448833},
{"learn":[0.1873352729],"iteration":143,"passed_time":0.4280109048,"remaining_time":2.544287045},
{"learn":[0.1854755464],"iteration":144,"passed_time":0.4306956786,"remaining_time":2.539619346},
{"learn":[0.1834393772],"iteration":145,"passed_time":0.4333765358,"remaining_time":2.534955901},
{"learn":[0.1817742692],"iteration":146,"passed_time":0.4363987657,"remaining_time":2.532300321},
{"learn":[0.1812889581],"iteration":147,"passed_time":0.4380804212,"remaining_time":2.521922425},
{"learn":[0.1808919988],"iteration":148,"passed_time":0.4403908225,"remaining_time":2.515252281},
{"learn":[0.1775508948],"iteration":149,"passed_time":0.4430120967,"remaining_time":2.510401881},
{"learn":[0.1757262402],"iteration":150,"passed_time":0.4456499959,"remaining_time":2.50567448},
{"learn":[0.174013562],"iteration":151,"passed_time":0.4482887283,"remaining_time":2.500979221},
{"learn":[0.1734244329],"iteration":152,"passed_time":0.450901836,"remaining_time":2.496168987},
{"learn":[0.1723205736],"iteration":153,"passed_time":0.4538743995,"remaining_time":2.493361961},
{"learn":[0.1718774499],"iteration":154,"passed_time":0.456459674,"remaining_time":2.488441449},
{"learn":[0.1708175451],"iteration":155,"passed_time":0.4590316986,"remaining_time":2.48347919},
{"learn":[0.1690048231],"iteration":156,"passed_time":0.4614758907,"remaining_time":2.477860993},
{"learn":[0.1686176431],"iteration":157,"passed_time":0.4638166251,"remaining_time":2.471731635},
{"learn":[0.1674888783],"iteration":158,"passed_time":0.4665158155,"remaining_time":2.467545917},
{"learn":[0.1644891854],"iteration":159,"passed_time":0.4693233385,"remaining_time":2.463947527},
{"learn":[0.1628926124],"iteration":160,"passed_time":0.4717374891,"remaining_time":2.458309027},
{"learn":[0.1615467288],"iteration":161,"passed_time":0.4751422581,"remaining_time":2.457834644},
{"learn":[0.1604775881],"iteration":162,"passed_time":0.4783456535,"remaining_time":2.456290258},
{"learn":[0.160106958],"iteration":163,"passed_time":0.4807430543,"remaining_time":2.450617033},
{"learn":[0.1585106898],"iteration":164,"passed_time":0.4833438286,"remaining_time":2.446012709},
{"learn":[0.1575534777],"iteration":165,"passed_time":0.485802229,"remaining_time":2.440717223},
{"learn":[0.1548498437],"iteration":166,"passed_time":0.4884710029,"remaining_time":2.436505062},
{"learn":[0.1534900143],"iteration":167,"passed_time":0.4909928194,"remaining_time":2.431583487},
{"learn":[0.1525612902],"iteration":168,"passed_time":0.493323929,"remaining_time":2.425752574},
{"learn":[0.1522384557],"iteration":169,"passed_time":0.495717788,"remaining_time":2.4202692},
{"learn":[0.1513580963],"iteration":170,"passed_time":0.49867656,"remaining_time":2.417560633},
{"learn":[0.1489827],"iteration":171,"passed_time":0.5012725428,"remaining_time":2.413102706},
{"learn":[0.1474749526],"iteration":172,"passed_time":0.5039370667,"remaining_time":2.408993955},
{"learn":[0.1464007903],"iteration":173,"passed_time":0.506404842,"remaining_time":2.403967813},
{"learn":[0.1450703733],"iteration":174,"passed_time":0.5088863255,"remaining_time":2.399035535},
{"learn":[0.1442756293],"iteration":175,"passed_time":0.5113906422,"remaining_time":2.394238007},
{"learn":[0.1430848654],"iteration":176,"passed_time":0.5142938729,"remaining_time":2.391321228},
{"learn":[0.141872336],"iteration":177,"passed_time":0.5169166471,"remaining_time":2.38710946},
{"learn":[0.1411625252],"iteration":178,"passed_time":0.5194805884,"remaining_time":2.382645604},
{"learn":[0.1399798466],"iteration":179,"passed_time":0.5219751968,"remaining_time":2.377887008},
{"learn":[0.1391738072],"iteration":180,"passed_time":0.5248098863,"remaining_time":2.374692248},
{"learn":[0.1380969125],"iteration":181,"passed_time":0.5274831602,"remaining_time":2.370775962},
{"learn":[0.1373335991],"iteration":182,"passed_time":0.5298982692,"remaining_time":2.365720688},
{"learn":[0.1368133943],"iteration":183,"passed_time":0.5323994609,"remaining_time":2.36107587},
{"learn":[0.1357742049],"iteration":184,"passed_time":0.5347597368,"remaining_time":2.355833435},
{"learn":[0.1351513833],"iteration":185,"passed_time":0.5371857207,"remaining_time":2.350909552},
{"learn":[0.132890741],"iteration":186,"passed_time":0.5397517037,"remaining_time":2.346621043},
{"learn":[0.1315468725],"iteration":187,"passed_time":0.5426558094,"remaining_time":2.343811262},
{"learn":[0.1298705469],"iteration":188,"passed_time":0.5453686247,"remaining_time":2.340179654},
{"learn":[0.1286617695],"iteration":189,"passed_time":0.5479396076,"remaining_time":2.335953064},
{"learn":[0.1278265924],"iteration":190,"passed_time":0.5504273827,"remaining_time":2.331391375},
{"learn":[0.1271823545],"iteration":191,"passed_time":0.5528686581,"remaining_time":2.326655603},
{"learn":[0.1265676951],"iteration":192,"passed_time":0.5554098079,"remaining_time":2.322361217},
{"learn":[0.125589124],"iteration":193,"passed_time":0.5585632869,"remaining_time":2.320628914},
{"learn":[0.125016471],"iteration":194,"passed_time":0.5611919778,"remaining_time":2.316715601},
{"learn":[0.1244749072],"iteration":195,"passed_time":0.5635828369,"remaining_time":2.3118398},
{"learn":[0.1234306042],"iteration":196,"passed_time":0.5661125284,"remaining_time":2.307555129},
{"learn":[0.1229771649],"iteration":197,"passed_time":0.56887651,"remaining_time":2.304237177},
{"learn":[0.1226758666],"iteration":198,"passed_time":0.571194453,"remaining_time":2.299129431},
{"learn":[0.1221677182],"iteration":199,"passed_time":0.5735688539,"remaining_time":2.294275415},
{"learn":[0.1218021487],"iteration":200,"passed_time":0.5761007537,"remaining_time":2.29007215},
{"learn":[0.1208973747],"iteration":201,"passed_time":0.579006776,"remaining_time":2.287363402},
{"learn":[0.1206591624],"iteration":202,"passed_time":0.5817456328,"remaining_time":2.283996401},
{"learn":[0.1198463428],"iteration":203,"passed_time":0.5843249907,"remaining_time":2.280013199},
{"learn":[0.1193149982],"iteration":204,"passed_time":0.5870972223,"remaining_time":2.276791667},
{"learn":[0.1190011213],"iteration":205,"passed_time":0.5896108722,"remaining_time":2.272577828},
{"learn":[0.1173426241],"iteration":206,"passed_time":0.5979277336,"remaining_time":2.290612042},
{"learn":[0.1164445973],"iteration":207,"passed_time":0.6007249233,"remaining_time":2.28737567},
{"learn":[0.1151397064],"iteration":208,"passed_time":0.6034171138,"remaining_time":2.28374611},
{"learn":[0.1140334812],"iteration":209,"passed_time":0.6058211395,"remaining_time":2.279041429},
{"learn":[0.1135541401],"iteration":210,"passed_time":0.6084217472,"remaining_time":2.275093642},
{"learn":[0.113336015],"iteration":211,"passed_time":0.6108072313,"remaining_time":2.270358954},
{"learn":[0.1124303888],"iteration":212,"passed_time":0.6137825032,"remaining_time":2.267825493},
{"learn":[0.1118965097],"iteration":213,"passed_time":0.616218862,"remaining_time":2.263308531},
{"learn":[0.111232111],"iteration":214,"passed_time":0.6187726784,"remaining_time":2.259239779},
{"learn":[0.110853964],"iteration":215,"passed_time":0.6211896623,"remaining_time":2.254688404},
{"learn":[0.1101051822],"iteration":216,"passed_time":0.6234608139,"remaining_time":2.249630494},
{"learn":[0.1097522265],"iteration":217,"passed_time":0.6257716735,"remaining_time":2.24474059},
{"learn":[0.1095510709],"iteration":218,"passed_time":0.6283374064,"remaining_time":2.240783171},
{"learn":[0.1087736615],"iteration":219,"passed_time":0.6306528494,"remaining_time":2.235951011},
{"learn":[0.108371046],"iteration":220,"passed_time":0.6329438342,"remaining_time":2.231055415},
{"learn":[0.108200998],"iteration":221,"passed_time":0.6353877762,"remaining_time":2.226719324},
{"learn":[0.107867717],"iteration":222,"passed_time":0.6378220517,"remaining_time":2.222366521},
{"learn":[0.1072187375],"iteration":223,"passed_time":0.640139203,"remaining_time":2.217625096},
{"learn":[0.1060379227],"iteration":224,"passed_time":0.6430816418,"remaining_time":2.215058988},
{"learn":[0.1052944944],"iteration":225,"passed_time":0.6455730835,"remaining_time":2.210944985},
{"learn":[0.1040852206],"iteration":226,"passed_time":0.6480495254,"remaining_time":2.206794199},
{"learn":[0.1036958561],"iteration":227,"passed_time":0.6505983418,"remaining_time":2.202903157},
{"learn":[0.1031965466],"iteration":228,"passed_time":0.6532482825,"remaining_time":2.199364305},
{"learn":[0.1029982339],"iteration":229,"passed_time":0.6555366423,"remaining_time":2.194622672},
{"learn":[0.1024868196],"iteration":230,"passed_time":0.6579558762,"remaining_time":2.19033796},
{"learn":[0.1011346506],"iteration":231,"passed_time":0.660597567,"remaining_time":2.186805739},
{"learn":[0.1002520189],"iteration":232,"passed_time":0.6629775928,"remaining_time":2.182419801},
{"learn":[0.09971945598],"iteration":233,"passed_time":0.6656539917,"remaining_time":2.179021187},
{"learn":[0.09885103185],"iteration":234,"passed_time":0.6680872672,"remaining_time":2.174837274},
{"learn":[0.09809386424],"iteration":235,"passed_time":0.6705902922,"remaining_time":2.170893997},
{"learn":[0.09774257177],"iteration":236,"passed_time":0.6728581522,"remaining_time":2.166205781},
{"learn":[0.09713270884],"iteration":237,"passed_time":0.675293261,"remaining_time":2.162073382},
{"learn":[0.09592625485],"iteration":238,"passed_time":0.6779138686,"remaining_time":2.158545833},
{"learn":[0.09486645104],"iteration":239,"passed_time":0.6808226409,"remaining_time":2.155938363},
{"learn":[0.09378336429],"iteration":240,"passed_time":0.6834500818,"remaining_time":2.152442374},
{"learn":[0.09317335498],"iteration":241,"passed_time":0.6860365229,"remaining_time":2.148825142},
{"learn":[0.09194694497],"iteration":242,"passed_time":0.688874879,"remaining_time":2.146001166},
{"learn":[0.09110497983],"iteration":243,"passed_time":0.6915345697,"remaining_time":2.142623503},
{"learn":[0.09095102975],"iteration":244,"passed_time":0.6938733458,"remaining_time":2.138262759},
{"learn":[0.09009243986],"iteration":245,"passed_time":0.6965301198,"remaining_time":2.134893131},
{"learn":[0.08978821662],"iteration":246,"passed_time":0.6989806868,"remaining_time":2.130900636},
{"learn":[0.08905330207],"iteration":247,"passed_time":0.7014214206,"remaining_time":2.126890759},
{"learn":[0.08861208702],"iteration":248,"passed_time":0.7036493225,"remaining_time":2.122251571},
{"learn":[0.08816900593],"iteration":249,"passed_time":0.7060000152,"remaining_time":2.118000046},
{"learn":[0.08801812247],"iteration":250,"passed_time":0.7084116658,"remaining_time":2.113945569},
{"learn":[0.08774057914],"iteration":251,"passed_time":0.7114099376,"remaining_time":2.11164537},
{"learn":[0.08719002063],"iteration":252,"passed_time":0.7137845051,"remaining_time":2.107498124},
{"learn":[0.08664884228],"iteration":253,"passed_time":0.7161831558,"remaining_time":2.103435568},
{"learn":[0.0857680885],"iteration":254,"passed_time":0.7189928455,"remaining_time":2.100586941},
{"learn":[0.08544713141],"iteration":255,"passed_time":0.7217475355,"remaining_time":2.097578775},
{"learn":[0.08490962769],"iteration":256,"passed_time":0.7244555175,"remaining_time":2.094437547},
{"learn":[0.08449586807],"iteration":257,"passed_time":0.7268130852,"remaining_time":2.090291896},
{"learn":[0.08394049958],"iteration":258,"passed_time":0.7291248615,"remaining_time":2.086029044},
{"learn":[0.08371560605],"iteration":259,"passed_time":0.7317035527,"remaining_time":2.082540881},
{"learn":[0.0832829423],"iteration":260,"passed_time":0.7344856592,"remaining_time":2.07963564},
{"learn":[0.08291613121],"iteration":261,"passed_time":0.7372733906,"remaining_time":2.076747184},
{"learn":[0.08254698064],"iteration":262,"passed_time":0.7397412076,"remaining_time":2.072963004},
{"learn":[0.08240757066],"iteration":263,"passed_time":0.742784729,"remaining_time":2.07079379},
{"learn":[0.08194681907],"iteration":264,"passed_time":0.7452195045,"remaining_time":2.066929569},
{"learn":[0.08182513306],"iteration":265,"passed_time":0.747990986,"remaining_time":2.064005202},
{"learn":[0.08156633341],"iteration":266,"passed_time":0.7502739292,"remaining_time":2.059740787},
{"learn":[0.08129003005],"iteration":267,"passed_time":0.7526839132,"remaining_time":2.055838151},
{"learn":[0.08095837409],"iteration":268,"passed_time":0.7550970638,"remaining_time":2.051955218},
{"learn":[0.08009539772],"iteration":269,"passed_time":0.7583107924,"remaining_time":2.050247698},
{"learn":[0.07965796224],"iteration":270,"passed_time":0.760933525,"remaining_time":2.046939261},
{"learn":[0.07878654809],"iteration":271,"passed_time":0.763284926,"remaining_time":2.042909655},
{"learn":[0.07803769629],"iteration":272,"passed_time":0.7660742408,"remaining_time":2.040058509},
{"learn":[0.07726594156],"iteration":273,"passed_time":0.7685315578,"remaining_time":2.036328142},
{"learn":[0.0770672328],"iteration":274,"passed_time":0.7709485418,"remaining_time":2.032500701},
{"learn":[0.07679343249],"iteration":275,"passed_time":0.7737856062,"remaining_time":2.029785431},
{"learn":[0.07615927416],"iteration":276,"passed_time":0.776382214,"remaining_time":2.026441663},
{"learn":[0.07541147012],"iteration":277,"passed_time":0.7788763641,"remaining_time":2.022837176},
{"learn":[0.07475021542],"iteration":278,"passed_time":0.7814290138,"remaining_time":2.019391824},
{"learn":[0.07404552665],"iteration":279,"passed_time":0.7839891634,"remaining_time":2.015972134},
{"learn":[0.07341771999],"iteration":280,"passed_time":0.7866168543,"remaining_time":2.012731382},
{"learn":[0.07324190527],"iteration":281,"passed_time":0.7890920462,"remaining_time":2.009106699},
{"learn":[0.07275155187],"iteration":282,"passed_time":0.7916633207,"remaining_time":2.005733572},
{"learn":[0.07263086116],"iteration":283,"passed_time":0.7939897636,"remaining_time":2.001748841},
{"learn":[0.07251864101],"iteration":284,"passed_time":0.7962506652,"remaining_time":1.997611318},
{"learn":[0.07197160499],"iteration":285,"passed_time":0.7997237255,"remaining_time":1.996513077},
{"learn":[0.07138367365],"iteration":286,"passed_time":0.8025050403,"remaining_time":1.993679769},
{"learn":[0.07069301441],"iteration":287,"passed_time":0.8052982718,"remaining_time":1.990876283},
{"learn":[0.07053752763],"iteration":288,"passed_time":0.8077832552,"remaining_time":1.987314514},
{"learn":[0.06998457318],"iteration":289,"passed_time":0.8103297383,"remaining_time":1.983910739},
{"learn":[0.06948812768],"iteration":290,"passed_time":0.8129097628,"remaining_time":1.980594577},
{"learn":[0.06923346653],"iteration":291,"passed_time":0.8155805367,"remaining_time":1.977503493},
{"learn":[0.06879833358],"iteration":292,"passed_time":0.8180259372,"remaining_time":1.973871459},
{"learn":[0.06811242281],"iteration":293,"passed_time":0.8206048783,"remaining_time":1.970568177},
{"learn":[0.06795451464],"iteration":294,"passed_time":0.8230269456,"remaining_time":1.966894904},
{"learn":[0.06768257778],"iteration":295,"passed_time":0.8256393865,"remaining_time":1.963682865},
{"learn":[0.0670627074],"iteration":296,"passed_time":0.8281844113,"remaining_time":1.96031529},
{"learn":[0.06650447334],"iteration":297,"passed_time":0.8307288944,"remaining_time":1.956951959},
{"learn":[0.06636688376],"iteration":298,"passed_time":0.8330847954,"remaining_time":1.953151978},
{"learn":[0.06584129811],"iteration":299,"passed_time":0.8356804031,"remaining_time":1.949920941},
{"learn":[0.06528842829],"iteration":300,"passed_time":0.8382897608,"remaining_time":1.946726056},
{"learn":[0.06488045273],"iteration":301,"passed_time":0.8412725743,"remaining_time":1.944398202},
{"learn":[0.06443910891],"iteration":302,"passed_time":0.8437644744,"remaining_time":1.940936761},
{"learn":[0.06409567459],"iteration":303,"passed_time":0.846131542,"remaining_time":1.937195899},
{"learn":[0.06366467893],"iteration":304,"passed_time":0.8486741918,"remaining_time":1.933864142},
{"learn":[0.06317618026],"iteration":305,"passed_time":0.851546631,"remaining_time":1.931285496},
{"learn":[0.06308858756],"iteration":306,"passed_time":0.8535649926,"remaining_time":1.926777003},
{"learn":[0.06243683204],"iteration":307,"passed_time":0.8560936841,"remaining_time":1.923431264},
{"learn":[0.06207990994],"iteration":308,"passed_time":0.8585966675,"remaining_time":1.920033324},
{"learn":[0.06197083711],"iteration":309,"passed_time":0.8613772323,"remaining_time":1.917259001},
{"learn":[0.06143861404],"iteration":310,"passed_time":0.8638402993,"remaining_time":1.913781242},
{"learn":[0.06120358688],"iteration":311,"passed_time":0.8661318257,"remaining_time":1.909931718},
{"learn":[0.06086232961],"iteration":312,"passed_time":0.8688675159,"remaining_time":1.90706704},
{"learn":[0.060725697],"iteration":313,"passed_time":0.8713093746,"remaining_time":1.903561245},
{"learn":[0.06054133317],"iteration":314,"passed_time":0.8737959414,"remaining_time":1.900159428},
{"learn":[0.06036381253],"iteration":315,"passed_time":0.8761732173,"remaining_time":1.896526837},
{"learn":[0.0597849336],"iteration":316,"passed_time":0.8787737833,"remaining_time":1.893383262},
{"learn":[0.0595529161],"iteration":317,"passed_time":0.8813200997,"remaining_time":1.890126755},
{"learn":[0.0592729574],"iteration":318,"passed_time":0.8837227921,"remaining_time":1.886568092},
{"learn":[0.05882901353],"iteration":319,"passed_time":0.8863666079,"remaining_time":1.883529042},
{"learn":[0.05841388839],"iteration":320,"passed_time":0.8890360484,"remaining_time":1.880546657},
{"learn":[0.05794762143],"iteration":321,"passed_time":0.8915834065,"remaining_time":1.87730916},
{"learn":[0.05776231095],"iteration":322,"passed_time":0.8941080147,"remaining_time":1.874028254},
{"learn":[0.05747730654],"iteration":323,"passed_time":0.8965971232,"remaining_time":1.870677948},
{"learn":[0.05697154305],"iteration":324,"passed_time":0.8992263974,"remaining_time":1.867624056},
{"learn":[0.05656622101],"iteration":325,"passed_time":0.9019248794,"remaining_time":1.864715855},
{"learn":[0.05628248206],"iteration":326,"passed_time":0.9044269878,"remaining_time":1.861404779},
{"learn":[0.0559498263],"iteration":327,"passed_time":0.9072220109,"remaining_time":1.858698754},
{"learn":[0.05532089192],"iteration":328,"passed_time":0.9100239923,"remaining_time":1.856006379},
{"learn":[0.05505898252],"iteration":329,"passed_time":0.9127281826,"remaining_time":1.853114795},
{"learn":[0.05445503266],"iteration":330,"passed_time":0.9152673324,"remaining_time":1.849890772},
{"learn":[0.05430100165],"iteration":331,"passed_time":0.9176057335,"remaining_time":1.846266958},
{"learn":[0.05396194386],"iteration":332,"passed_time":0.9207078796,"remaining_time":1.844180648},
{"learn":[0.05387979262],"iteration":333,"passed_time":0.9232678209,"remaining_time":1.841007092},
{"learn":[0.05359275537],"iteration":334,"passed_time":0.9259284699,"remaining_time":1.838037112},
{"learn":[0.05323853986],"iteration":335,"passed_time":0.9292423645,"remaining_time":1.836359911},
{"learn":[0.05310655973],"iteration":336,"passed_time":0.9315997655,"remaining_time":1.83279123},
{"learn":[0.05300965003],"iteration":337,"passed_time":0.9339667498,"remaining_time":1.829248486},
{"learn":[0.05273098951],"iteration":338,"passed_time":0.9366190238,"remaining_time":1.826268952},
{"learn":[0.05245235225],"iteration":339,"passed_time":0.9390808408,"remaining_time":1.822921632},
{"learn":[0.05234420826],"iteration":340,"passed_time":0.9414896998,"remaining_time":1.819477162},
{"learn":[0.05220254197],"iteration":341,"passed_time":0.944113724,"remaining_time":1.81645272},
{"learn":[0.05178375446],"iteration":342,"passed_time":0.9466536654,"remaining_time":1.813269557},
{"learn":[0.05124050761],"iteration":343,"passed_time":0.949181607,"remaining_time":1.81006725},
{"learn":[0.05111476332],"iteration":344,"passed_time":0.9516861736,"remaining_time":1.806824475},
{"learn":[0.05079079714],"iteration":345,"passed_time":0.9541616989,"remaining_time":1.803531072},
{"learn":[0.0505365623],"iteration":346,"passed_time":0.9568577643,"remaining_time":1.800657407},
{"learn":[0.05040388235],"iteration":347,"passed_time":0.959055083,"remaining_time":1.796850328},
{"learn":[0.05006827737],"iteration":348,"passed_time":0.9615760662,"remaining_time":1.793656215},
{"learn":[0.0497621261],"iteration":349,"passed_time":0.9640853829,"remaining_time":1.790444283},
{"learn":[0.04958943387],"iteration":350,"passed_time":0.9666555741,"remaining_time":1.787348911},
{"learn":[0.0492890349],"iteration":351,"passed_time":0.9693697228,"remaining_time":1.784521535},
{"learn":[0.04917956912],"iteration":352,"passed_time":0.9716851657,"remaining_time":1.780964029},
{"learn":[0.04878524659],"iteration":353,"passed_time":0.9742254821,"remaining_time":1.777823902},
{"learn":[0.04844894494],"iteration":354,"passed_time":0.9770757549,"remaining_time":1.775250315},
{"learn":[0.04818566455],"iteration":355,"passed_time":0.9796483628,"remaining_time":1.772172881},
{"learn":[0.04768420123],"iteration":356,"passed_time":0.9821076798,"remaining_time":1.768894224},
{"learn":[0.04741278113],"iteration":357,"passed_time":0.9845537052,"remaining_time":1.765596309},
{"learn":[0.0472671892],"iteration":358,"passed_time":0.987130313,"remaining_time":1.762536297},
{"learn":[0.04718154381],"iteration":359,"passed_time":0.9895490053,"remaining_time":1.759198232},
{"learn":[0.04710817994],"iteration":360,"passed_time":0.9920652802,"remaining_time":1.756037989},
{"learn":[0.04690403308],"iteration":361,"passed_time":0.999972811,"remaining_time":1.76238302},
{"learn":[0.04668918034],"iteration":362,"passed_time":1.002549252,"remaining_time":1.759294418},
{"learn":[0.04627938464],"iteration":363,"passed_time":1.005335525,"remaining_time":1.756575259},
{"learn":[0.04577383809],"iteration":364,"passed_time":1.008685503,"remaining_time":1.754836423},
{"learn":[0.04548220491],"iteration":365,"passed_time":1.011111612,"remaining_time":1.751488421},
{"learn":[0.04514434232],"iteration":366,"passed_time":1.013669762,"remaining_time":1.748373186},
{"learn":[0.04506626192],"iteration":367,"passed_time":1.016086662,"remaining_time":1.745018398},
{"learn":[0.04488484272],"iteration":368,"passed_time":1.01872102,"remaining_time":1.742040551},
{"learn":[0.04478161496],"iteration":369,"passed_time":1.020985088,"remaining_time":1.738434069},
{"learn":[0.04453225124],"iteration":370,"passed_time":1.02372232,"remaining_time":1.735637033},
{"learn":[0.04431271557],"iteration":371,"passed_time":1.026052388,"remaining_time":1.732152955},
{"learn":[0.04395173839],"iteration":372,"passed_time":1.028686453,"remaining_time":1.729186076},
{"learn":[0.04363517257],"iteration":373,"passed_time":1.031140395,"remaining_time":1.725919485},
{"learn":[0.04347310595],"iteration":374,"passed_time":1.033979085,"remaining_time":1.723298475},
{"learn":[0.04323639947],"iteration":375,"passed_time":1.036347153,"remaining_time":1.719895274},
{"learn":[0.04278707585],"iteration":376,"passed_time":1.038868886,"remaining_time":1.716751501},
{"learn":[0.042484655],"iteration":377,"passed_time":1.042250905,"remaining_time":1.715026621},
{"learn":[0.04231622663],"iteration":378,"passed_time":1.045272218,"remaining_time":1.712701972},
{"learn":[0.04213848106],"iteration":379,"passed_time":1.047748035,"remaining_time":1.709483636},
{"learn":[0.04205733138],"iteration":380,"passed_time":1.050127311,"remaining_time":1.70611235},
{"learn":[0.04182146685],"iteration":381,"passed_time":1.052715377,"remaining_time":1.703084039},
{"learn":[0.04168006171],"iteration":382,"passed_time":1.055273443,"remaining_time":1.700009699},
{"learn":[0.04150045645],"iteration":383,"passed_time":1.057700177,"remaining_time":1.696727368},
{"learn":[0.04118534779],"iteration":384,"passed_time":1.060442326,"remaining_time":1.693953325},
{"learn":[0.0409418752],"iteration":385,"passed_time":1.062871435,"remaining_time":1.690681505},
{"learn":[0.0408648111],"iteration":386,"passed_time":1.065254085,"remaining_time":1.68734045},
{"learn":[0.04062848202],"iteration":387,"passed_time":1.067688194,"remaining_time":1.684085502},
{"learn":[0.0404595316],"iteration":388,"passed_time":1.070367926,"remaining_time":1.681220573},
{"learn":[0.04032293225],"iteration":389,"passed_time":1.073172199,"remaining_time":1.678551389},
{"learn":[0.04009574704],"iteration":390,"passed_time":1.075866098,"remaining_time":1.6757096},
{"learn":[0.03976590643],"iteration":391,"passed_time":1.078412748,"remaining_time":1.67264018},
{"learn":[0.03955602985],"iteration":392,"passed_time":1.080756066,"remaining_time":1.669259369},
{"learn":[0.03947447327],"iteration":393,"passed_time":1.083186924,"remaining_time":1.666018468},
{"learn":[0.03925273462],"iteration":394,"passed_time":1.085736741,"remaining_time":1.662963869},
{"learn":[0.03915240725],"iteration":395,"passed_time":1.088046976,"remaining_time":1.659546397},
{"learn":[0.03882731258],"iteration":396,"passed_time":1.090685208,"remaining_time":1.656632696},
{"learn":[0.03863973903],"iteration":397,"passed_time":1.093367773,"remaining_time":1.653787436},
{"learn":[0.03852698673],"iteration":398,"passed_time":1.09585059,"remaining_time":1.650642117},
{"learn":[0.03831292197],"iteration":399,"passed_time":1.098433698,"remaining_time":1.647650547},
{"learn":[0.03825259666],"iteration":400,"passed_time":1.100889682,"remaining_time":1.644471121},
{"learn":[0.03805193364],"iteration":401,"passed_time":1.103595747,"remaining_time":1.641667305},
{"learn":[0.03791833984],"iteration":402,"passed_time":1.106000315,"remaining_time":1.638417339},
{"learn":[0.03755751846],"iteration":403,"passed_time":1.10844434,"remaining_time":1.635229769},
{"learn":[0.03747640459],"iteration":404,"passed_time":1.11088424,"remaining_time":1.63203981},
{"learn":[0.03720153935],"iteration":405,"passed_time":1.113711263,"remaining_time":1.629419927},
{"learn":[0.03704797385],"iteration":406,"passed_time":1.116581119,"remaining_time":1.626861434},
{"learn":[0.03685981178],"iteration":407,"passed_time":1.119833848,"remaining_time":1.624856955},
{"learn":[0.03663062504],"iteration":408,"passed_time":1.122398039,"remaining_time":1.621851445},
{"learn":[0.03653536532],"iteration":409,"passed_time":1.124819731,"remaining_time":1.618643028},
{"learn":[0.03640425978],"iteration":410,"passed_time":1.127587671,"remaining_time":1.615934643},
{"learn":[0.03602340403],"iteration":411,"passed_time":1.130852483,"remaining_time":1.613935097},
{"learn":[0.03596428244],"iteration":412,"passed_time":1.13401817,"remaining_time":1.611788537},
{"learn":[0.03587928352],"iteration":413,"passed_time":1.136912609,"remaining_time":1.609253113},
{"learn":[0.0356743906],"iteration":414,"passed_time":1.140217587,"remaining_time":1.607294671},
{"learn":[0.03560134821],"iteration":415,"passed_time":1.143265733,"remaining_time":1.604969203},
{"learn":[0.0354119881],"iteration":416,"passed_time":1.145829425,"remaining_time":1.601962961},
{"learn":[0.03513011102],"iteration":417,"passed_time":1.148534365,"remaining_time":1.599155504},
{"learn":[0.03490949441],"iteration":418,"passed_time":1.151141223,"remaining_time":1.596212531},
{"learn":[0.03472802951],"iteration":419,"passed_time":1.153731664,"remaining_time":1.593248488},
{"learn":[0.03448563852],"iteration":420,"passed_time":1.156525979,"remaining_time":1.590566607},
{"learn":[0.03431696432],"iteration":421,"passed_time":1.159358001,"remaining_time":1.587935841},
{"learn":[0.03422542238],"iteration":422,"passed_time":1.161801944,"remaining_time":1.584774755},
{"learn":[0.03407712118],"iteration":423,"passed_time":1.198414659,"remaining_time":1.628035008},
{"learn":[0.03391562348],"iteration":424,"passed_time":1.206062983,"remaining_time":1.631732271},
{"learn":[0.03384457711],"iteration":425,"passed_time":1.211698404,"remaining_time":1.632664046},
{"learn":[0.0334666912],"iteration":426,"passed_time":1.217477198,"remaining_time":1.633757458},
{"learn":[0.0333893738],"iteration":427,"passed_time":1.223026578,"remaining_time":1.634512156},
{"learn":[0.03330234879],"iteration":428,"passed_time":1.226688637,"remaining_time":1.632725436},
{"learn":[0.03305702524],"iteration":429,"passed_time":1.231857853,"remaining_time":1.632927851},
{"learn":[0.03298281684],"iteration":430,"passed_time":1.235791202,"remaining_time":1.631473767},
{"learn":[0.03292600459],"iteration":431,"passed_time":1.238654058,"remaining_time":1.628600705},
{"learn":[0.03271239783],"iteration":432,"passed_time":1.241567663,"remaining_time":1.625794146},
{"learn":[0.03241493056],"iteration":433,"passed_time":1.244181438,"remaining_time":1.622596068},
{"learn":[0.03219117535],"iteration":434,"passed_time":1.246971836,"remaining_time":1.619630085},
{"learn":[0.03203179495],"iteration":435,"passed_time":1.249661485,"remaining_time":1.616534581},
{"learn":[0.03179832351],"iteration":436,"passed_time":1.252275175,"remaining_time":1.613343075},
{"learn":[0.03175077244],"iteration":437,"passed_time":1.255058699,"remaining_time":1.61037212},
{"learn":[0.03155430425],"iteration":438,"passed_time":1.257841972,"remaining_time":1.6074017},
{"learn":[0.03148866338],"iteration":439,"passed_time":1.260559204,"remaining_time":1.604348077},
{"learn":[0.03133099897],"iteration":440,"passed_time":1.263467143,"remaining_time":1.601537716},
{"learn":[0.03122624986],"iteration":441,"passed_time":1.266262791,"remaining_time":1.598585152},
{"learn":[0.03109488359],"iteration":442,"passed_time":1.269367062,"remaining_time":1.59602134},
{"learn":[0.03093767548],"iteration":443,"passed_time":1.2724295,"remaining_time":1.593402707},
{"learn":[0.03081041749],"iteration":444,"passed_time":1.275266981,"remaining_time":1.590501516},
{"learn":[0.03055063501],"iteration":445,"passed_time":1.277895005,"remaining_time":1.587340432},
{"learn":[0.03044571584],"iteration":446,"passed_time":1.280483071,"remaining_time":1.584132301},
{"learn":[0.03027151972],"iteration":447,"passed_time":1.283273678,"remaining_time":1.581176496},
{"learn":[0.03017041485],"iteration":448,"passed_time":1.285789703,"remaining_time":1.577884468},
{"learn":[0.0299542174],"iteration":449,"passed_time":1.288474393,"remaining_time":1.574802036},
{"learn":[0.02981228258],"iteration":450,"passed_time":1.291418374,"remaining_time":1.572037},
{"learn":[0.02962527602],"iteration":451,"passed_time":1.294107147,"remaining_time":1.568961763},
{"learn":[0.02949505899],"iteration":452,"passed_time":1.29665088,"remaining_time":1.565713094},
{"learn":[0.0293508723],"iteration":453,"passed_time":1.29953332,"remaining_time":1.562874873},
{"learn":[0.0291616634],"iteration":454,"passed_time":1.302276218,"remaining_time":1.559869316},
{"learn":[0.02903881915],"iteration":455,"passed_time":1.305130532,"remaining_time":1.556997828},
{"learn":[0.0289810983],"iteration":456,"passed_time":1.307509558,"remaining_time":1.553561685},
{"learn":[0.02884685587],"iteration":457,"passed_time":1.310220374,"remaining_time":1.5505228},
{"learn":[0.0287244324],"iteration":458,"passed_time":1.312949564,"remaining_time":1.547507002},
{"learn":[0.02854954138],"iteration":459,"passed_time":1.315776087,"remaining_time":1.54460671},
{"learn":[0.02848757444],"iteration":460,"passed_time":1.318333945,"remaining_time":1.541392616},
{"learn":[0.02844082716],"iteration":461,"passed_time":1.321171259,"remaining_time":1.538506791},
{"learn":[0.02838410206],"iteration":462,"passed_time":1.323973407,"remaining_time":1.535580388},
{"learn":[0.02817510734],"iteration":463,"passed_time":1.326869388,"remaining_time":1.532762914},
{"learn":[0.02802448963],"iteration":464,"passed_time":1.330054158,"remaining_time":1.530277365},
{"learn":[0.02775010983],"iteration":465,"passed_time":1.332849515,"remaining_time":1.527342577},
{"learn":[0.02759181505],"iteration":466,"passed_time":1.335685788,"remaining_time":1.524455085},
{"learn":[0.02749153915],"iteration":467,"passed_time":1.338510061,"remaining_time":1.521554171},
{"learn":[0.02736940762],"iteration":468,"passed_time":1.341186293,"remaining_time":1.518485973},
{"learn":[0.02726117508],"iteration":469,"passed_time":1.34386115,"remaining_time":1.515417893},
{"learn":[0.0271564133],"iteration":470,"passed_time":1.346708839,"remaining_time":1.512545597},
{"learn":[0.02690477457],"iteration":471,"passed_time":1.349568737,"remaining_time":1.509687062},
{"learn":[0.02670901533],"iteration":472,"passed_time":1.352323552,"remaining_time":1.506711442},
{"learn":[0.02664714381],"iteration":473,"passed_time":1.355221991,"remaining_time":1.503896134},
{"learn":[0.02644264589],"iteration":474,"passed_time":1.35796439,"remaining_time":1.50090801},
{"learn":[0.02635928941],"iteration":475,"passed_time":1.360689246,"remaining_time":1.497901607},
{"learn":[0.02626046332],"iteration":476,"passed_time":1.363641727,"remaining_time":1.49514596},
{"learn":[0.02616843479],"iteration":477,"passed_time":1.36663829,"remaining_time":1.492437631},
{"learn":[0.02607472017],"iteration":478,"passed_time":1.369319647,"remaining_time":1.489385253},
{"learn":[0.02594727534],"iteration":479,"passed_time":1.372273753,"remaining_time":1.486629899},
{"learn":[0.0258163145],"iteration":480,"passed_time":1.375082484,"remaining_time":1.483716859},
{"learn":[0.02575198256],"iteration":481,"passed_time":1.377836424,"remaining_time":1.480745369},
{"learn":[0.02570405734],"iteration":482,"passed_time":1.380591989,"remaining_time":1.477776518},
{"learn":[0.02547875643],"iteration":483,"passed_time":1.383467137,"remaining_time":1.474936038},
{"learn":[0.02537632564],"iteration":484,"passed_time":1.386386492,"remaining_time":1.472142358},
{"learn":[0.02518314483],"iteration":485,"passed_time":1.389264598,"remaining_time":1.469304534},
{"learn":[0.02509959047],"iteration":486,"passed_time":1.392373119,"remaining_time":1.466709261},
{"learn":[0.02501973411],"iteration":487,"passed_time":1.395166184,"remaining_time":1.463780914},
{"learn":[0.02496346847],"iteration":488,"passed_time":1.398065665,"remaining_time":1.460964324},
{"learn":[0.02489995195],"iteration":489,"passed_time":1.400864063,"remaining_time":1.458042188},
{"learn":[0.02475306654],"iteration":490,"passed_time":1.403745877,"remaining_time":1.455207029},
{"learn":[0.02467067936],"iteration":491,"passed_time":1.406615816,"remaining_time":1.45235942},
{"learn":[0.02458248352],"iteration":492,"passed_time":1.409468881,"remaining_time":1.449494366},
{"learn":[0.02440132392],"iteration":493,"passed_time":1.412279695,"remaining_time":1.446586085},
{"learn":[0.02424420384],"iteration":494,"passed_time":1.415335133,"remaining_time":1.443927762},
{"learn":[0.02410744362],"iteration":495,"passed_time":1.418374946,"remaining_time":1.441251962},
{"learn":[0.02402576964],"iteration":496,"passed_time":1.420985137,"remaining_time":1.438139887},
{"learn":[0.02396940468],"iteration":497,"passed_time":1.424097283,"remaining_time":1.435535816},
{"learn":[0.02380040345],"iteration":498,"passed_time":1.426845723,"remaining_time":1.432564544},
{"learn":[0.02363988555],"iteration":499,"passed_time":1.429659496,"remaining_time":1.429659496},
{"learn":[0.02358425284],"iteration":500,"passed_time":1.432462769,"remaining_time":1.426744355},
{"learn":[0.02344329437],"iteration":501,"passed_time":1.435650873,"remaining_time":1.424211424},
{"learn":[0.02336112361],"iteration":502,"passed_time":1.438482229,"remaining_time":1.421323396},
{"learn":[0.02320509539],"iteration":503,"passed_time":1.441524876,"remaining_time":1.418643529},
{"learn":[0.02313158974],"iteration":504,"passed_time":1.444231733,"remaining_time":1.415633085},
{"learn":[0.02306771053],"iteration":505,"passed_time":1.447109214,"remaining_time":1.412790418},
{"learn":[0.02295477602],"iteration":506,"passed_time":1.44991582,"remaining_time":1.409878697},
{"learn":[0.02285167925],"iteration":507,"passed_time":1.452798967,"remaining_time":1.40704152},
{"learn":[0.02277620563],"iteration":508,"passed_time":1.455390575,"remaining_time":1.403922932},
{"learn":[0.0226881968],"iteration":509,"passed_time":1.458182682,"remaining_time":1.400999047},
{"learn":[0.02258389576],"iteration":510,"passed_time":1.460821622,"remaining_time":1.397929106},
{"learn":[0.02250277079],"iteration":511,"passed_time":1.463832811,"remaining_time":1.395215648},
{"learn":[0.02245601263],"iteration":512,"passed_time":1.466557334,"remaining_time":1.392228892},
{"learn":[0.02233295439],"iteration":513,"passed_time":1.469506898,"remaining_time":1.389455939},
{"learn":[0.02229058482],"iteration":514,"passed_time":1.472455837,"remaining_time":1.38668171},
{"learn":[0.02209905147],"iteration":515,"passed_time":1.475314901,"remaining_time":1.383822504},
{"learn":[0.0220531247],"iteration":516,"passed_time":1.478384756,"remaining_time":1.381160226},
{"learn":[0.02194221146],"iteration":517,"passed_time":1.481406527,"remaining_time":1.378451634},
{"learn":[0.02187388719],"iteration":518,"passed_time":1.484162092,"remaining_time":1.375495118},
{"learn":[0.02170687009],"iteration":519,"passed_time":1.487102489,"remaining_time":1.37270999},
{"learn":[0.02160095985],"iteration":520,"passed_time":1.49008922,"remaining_time":1.369966864},
{"learn":[0.02152427985],"iteration":521,"passed_time":1.492855451,"remaining_time":1.367020892},
{"learn":[0.02144998257],"iteration":522,"passed_time":1.495707849,"remaining_time":1.364154195},
{"learn":[0.02139187664],"iteration":523,"passed_time":1.498635746,"remaining_time":1.361356136},
{"learn":[0.02125979581],"iteration":524,"passed_time":1.501697934,"remaining_time":1.358679083},
{"learn":[0.02118968501],"iteration":525,"passed_time":1.504466082,"remaining_time":1.355735595},
{"learn":[0.02112462009],"iteration":526,"passed_time":1.507373188,"remaining_time":1.352917491},
{"learn":[0.02102454145],"iteration":527,"passed_time":1.510176378,"remaining_time":1.350006156},
{"learn":[0.02095529895],"iteration":528,"passed_time":1.513181941,"remaining_time":1.347275414},
{"learn":[0.02084246468],"iteration":529,"passed_time":1.516147088,"remaining_time":1.344507795},
{"learn":[0.02076902724],"iteration":530,"passed_time":1.518707488,"remaining_time":1.341381943},
{"learn":[0.02061243902],"iteration":531,"passed_time":1.521793342,"remaining_time":1.338720459},
{"learn":[0.02056765737],"iteration":532,"passed_time":1.524602532,"remaining_time":1.335814976},
{"learn":[0.02041336227],"iteration":533,"passed_time":1.527200431,"remaining_time":1.33272547},
{"learn":[0.0202724562],"iteration":534,"passed_time":1.529948705,"remaining_time":1.3297685},
{"learn":[0.02020271399],"iteration":535,"passed_time":1.53292506,"remaining_time":1.327009753},
{"learn":[0.02011187795],"iteration":536,"passed_time":1.535693791,"remaining_time":1.324071183},
{"learn":[0.02007332162],"iteration":537,"passed_time":1.53844494,"remaining_time":1.321118145},
{"learn":[0.02001635392],"iteration":538,"passed_time":1.541285588,"remaining_time":1.318242404},
{"learn":[0.01997198898],"iteration":539,"passed_time":1.54385857,"remaining_time":1.315138782},
{"learn":[0.01982208737],"iteration":540,"passed_time":1.546798259,"remaining_time":1.312348246},
{"learn":[0.01972971532],"iteration":541,"passed_time":1.549768781,"remaining_time":1.309583214},
{"learn":[0.01966010667],"iteration":542,"passed_time":1.552590054,"remaining_time":1.306691814},
{"learn":[0.01955129244],"iteration":543,"passed_time":1.555363744,"remaining_time":1.303760785},
{"learn":[0.01946708343],"iteration":544,"passed_time":1.558116184,"remaining_time":1.300812594},
{"learn":[0.01942693147],"iteration":545,"passed_time":1.560655667,"remaining_time":1.297688046},
{"learn":[0.01939280999],"iteration":546,"passed_time":1.563366399,"remaining_time":1.294707457},
{"learn":[0.01930070916],"iteration":547,"passed_time":1.566294088,"remaining_time":1.291906803},
{"learn":[0.01927344698],"iteration":548,"passed_time":1.569077403,"remaining_time":1.288987083},
{"learn":[0.01920918554],"iteration":549,"passed_time":1.571898342,"remaining_time":1.286098644},
{"learn":[0.0191504321],"iteration":550,"passed_time":1.574729032,"remaining_time":1.283218394},
{"learn":[0.01908811492],"iteration":551,"passed_time":1.577451639,"remaining_time":1.280250605},
{"learn":[0.01900685804],"iteration":552,"passed_time":1.580310578,"remaining_time":1.277393903},
{"learn":[0.01890706012],"iteration":553,"passed_time":1.583161268,"remaining_time":1.274530551},
{"learn":[0.01887151659],"iteration":554,"passed_time":1.585921291,"remaining_time":1.271594549},
{"learn":[0.0187613844],"iteration":555,"passed_time":1.588986854,"remaining_time":1.268903171},
{"learn":[0.01867269358],"iteration":556,"passed_time":1.591886918,"remaining_time":1.266078823},
{"learn":[0.0185898459],"iteration":557,"passed_time":1.594628441,"remaining_time":1.263128622},
{"learn":[0.01850584549],"iteration":558,"passed_time":1.600759567,"remaining_time":1.262853254},
{"learn":[0.01844642564],"iteration":559,"passed_time":1.603590382,"remaining_time":1.259963871},
{"learn":[0.01836969146],"iteration":560,"passed_time":1.606372322,"remaining_time":1.257036451},
{"learn":[0.01833989343],"iteration":561,"passed_time":1.608979429,"remaining_time":1.253973292},
{"learn":[0.01826216642],"iteration":562,"passed_time":1.611898202,"remaining_time":1.251153666},
{"learn":[0.01819486449],"iteration":563,"passed_time":1.61490089,"remaining_time":1.24839856},
{"learn":[0.01812579754],"iteration":564,"passed_time":1.61763983,"remaining_time":1.245439515},
{"learn":[0.01807778606],"iteration":565,"passed_time":1.620300437,"remaining_time":1.242421183},
{"learn":[0.01801024163],"iteration":566,"passed_time":1.623292292,"remaining_time":1.239657077},
{"learn":[0.01789967231],"iteration":567,"passed_time":1.626330356,"remaining_time":1.236927313},
{"learn":[0.01781872835],"iteration":568,"passed_time":1.629395169,"remaining_time":1.234216727},
{"learn":[0.01778076761],"iteration":569,"passed_time":1.632294691,"remaining_time":1.231380205},
{"learn":[0.01773802558],"iteration":570,"passed_time":1.635131464,"remaining_time":1.228496319},
{"learn":[0.01769985622],"iteration":571,"passed_time":1.638080902,"remaining_time":1.225696899},
{"learn":[0.01765687159],"iteration":572,"passed_time":1.640939467,"remaining_time":1.222829236},
{"learn":[0.01754052201],"iteration":573,"passed_time":1.643869031,"remaining_time":1.220014298},
{"learn":[0.01749843772],"iteration":574,"passed_time":1.646764428,"remaining_time":1.217173708},
{"learn":[0.01745739708],"iteration":575,"passed_time":1.649641409,"remaining_time":1.21431937},
{"learn":[0.0173616769],"iteration":576,"passed_time":1.65248114,"remaining_time":1.211437647},
{"learn":[0.01730563935],"iteration":577,"passed_time":1.655538536,"remaining_time":1.208714987},
{"learn":[0.01725201896],"iteration":578,"passed_time":1.658490142,"remaining_time":1.205914248},
{"learn":[0.0172013785],"iteration":579,"passed_time":1.661421289,"remaining_time":1.203098175},
{"learn":[0.01709890052],"iteration":580,"passed_time":1.664410227,"remaining_time":1.200323383},
{"learn":[0.0170630303],"iteration":581,"passed_time":1.667310792,"remaining_time":1.197484383},
{"learn":[0.01701107616],"iteration":582,"passed_time":1.670185522,"remaining_time":1.194626694},
{"learn":[0.01692901918],"iteration":583,"passed_time":1.673419918,"remaining_time":1.192025147},
{"learn":[0.01688408221],"iteration":584,"passed_time":1.676475272,"remaining_time":1.189294424},
{"learn":[0.0168083665],"iteration":585,"passed_time":1.679362795,"remaining_time":1.186444022},
{"learn":[0.01676571686],"iteration":586,"passed_time":1.682289984,"remaining_time":1.183621402},
{"learn":[0.01667057593],"iteration":587,"passed_time":1.685363213,"remaining_time":1.180900755},
{"learn":[0.01658609051],"iteration":588,"passed_time":1.688213403,"remaining_time":1.178023274},
{"learn":[0.01653643167],"iteration":589,"passed_time":1.6910538,"remaining_time":1.175139082},
{"learn":[0.01645145199],"iteration":590,"passed_time":1.693828782,"remaining_time":1.172209766},
{"learn":[0.01638377641],"iteration":591,"passed_time":1.69666568,"remaining_time":1.169323644},
{"learn":[0.01631135075],"iteration":592,"passed_time":1.699634035,"remaining_time":1.166527913},
{"learn":[0.01628822455],"iteration":593,"passed_time":1.702705348,"remaining_time":1.163801972},
{"learn":[0.01625689682],"iteration":594,"passed_time":1.705445496,"remaining_time":1.160849455},
{"learn":[0.0161299229],"iteration":595,"passed_time":1.708280394,"remaining_time":1.157961878},
{"learn":[0.01608744656],"iteration":596,"passed_time":1.71110825,"remaining_time":1.155069723},
{"learn":[0.01602192871],"iteration":597,"passed_time":1.714338729,"remaining_time":1.152448443},
{"learn":[0.01598008048],"iteration":598,"passed_time":1.717289834,"remaining_time":1.149638103},
{"learn":[0.01593151242],"iteration":599,"passed_time":1.720644687,"remaining_time":1.147096458},
{"learn":[0.01586068654],"iteration":600,"passed_time":1.723398794,"remaining_time":1.144153276},
{"learn":[0.01583082383],"iteration":601,"passed_time":1.726146192,"remaining_time":1.141206286},
{"learn":[0.01574866289],"iteration":602,"passed_time":1.730370289,"remaining_time":1.13923218},
{"learn":[0.01567313665],"iteration":603,"passed_time":1.73398764,"remaining_time":1.136852824},
{"learn":[0.01561207264],"iteration":604,"passed_time":1.73717591,"remaining_time":1.134189231},
{"learn":[0.01555424846],"iteration":605,"passed_time":1.74027614,"remaining_time":1.131466665},
{"learn":[0.01549204515],"iteration":606,"passed_time":1.743534201,"remaining_time":1.128845043},
{"learn":[0.01545707382],"iteration":607,"passed_time":1.746956554,"remaining_time":1.126327252},
{"learn":[0.01536405172],"iteration":608,"passed_time":1.75047028,"remaining_time":1.123865155},
{"learn":[0.01531585537],"iteration":609,"passed_time":1.753765217,"remaining_time":1.121259729},
{"learn":[0.01525123155],"iteration":610,"passed_time":1.756617323,"remaining_time":1.118370112},
{"learn":[0.015142661],"iteration":611,"passed_time":1.759584011,"remaining_time":1.115553262},
{"learn":[0.0151038457],"iteration":612,"passed_time":1.762294202,"remaining_time":1.11257399},
{"learn":[0.0150598521],"iteration":613,"passed_time":1.765337515,"remaining_time":1.109805017},
{"learn":[0.01501271042],"iteration":614,"passed_time":1.76825387,"remaining_time":1.106955675},
{"learn":[0.01497413485],"iteration":615,"passed_time":1.77109306,"remaining_time":1.104058011},
{"learn":[0.01492899116],"iteration":616,"passed_time":1.773867,"remaining_time":1.101120034},
{"learn":[0.01490836891],"iteration":617,"passed_time":1.776785939,"remaining_time":1.098272215},
{"learn":[0.01487496237],"iteration":618,"passed_time":1.779623462,"remaining_time":1.095374053},
{"learn":[0.01480092803],"iteration":619,"passed_time":1.782620817,"remaining_time":1.092574049},
{"learn":[0.01476652446],"iteration":620,"passed_time":1.785665213,"remaining_time":1.089802119},
{"learn":[0.0146982938],"iteration":621,"passed_time":1.788308029,"remaining_time":1.086785265},
{"learn":[0.01463751214],"iteration":622,"passed_time":1.791131885,"remaining_time":1.083879166},
{"learn":[0.01460264465],"iteration":623,"passed_time":1.794104365,"remaining_time":1.081062887},
{"learn":[0.01452086177],"iteration":624,"passed_time":1.797095304,"remaining_time":1.078257182},
{"learn":[0.01439143375],"iteration":625,"passed_time":1.79997141,"remaining_time":1.07538228},
{"learn":[0.01433934294],"iteration":626,"passed_time":1.802801099,"remaining_time":1.072479761},
{"learn":[0.01430130665],"iteration":627,"passed_time":1.805631955,"remaining_time":1.069578165},
{"learn":[0.01428307566],"iteration":628,"passed_time":1.808332687,"remaining_time":1.066600043},
{"learn":[0.01420898205],"iteration":629,"passed_time":1.811016878,"remaining_time":1.063613087},
{"learn":[0.01411174924],"iteration":630,"passed_time":1.814039024,"remaining_time":1.060824723},
{"learn":[0.01407642193],"iteration":631,"passed_time":1.816840381,"remaining_time":1.057907057},
{"learn":[0.01405243018],"iteration":632,"passed_time":1.819714237,"remaining_time":1.055031793},
{"learn":[0.01398173471],"iteration":633,"passed_time":1.82244626,"remaining_time":1.052074655},
{"learn":[0.0139506712],"iteration":634,"passed_time":1.825157451,"remaining_time":1.049106251},
{"learn":[0.01391985685],"iteration":635,"passed_time":1.827861141,"remaining_time":1.046134364},
{"learn":[0.01388761467],"iteration":636,"passed_time":1.830621289,"remaining_time":1.043195491},
{"learn":[0.01385834474],"iteration":637,"passed_time":1.833391479,"remaining_time":1.040262877},
{"learn":[0.0138283397],"iteration":638,"passed_time":1.836203252,"remaining_time":1.037354263},
{"learn":[0.01376388994],"iteration":639,"passed_time":1.838927901,"remaining_time":1.034396944},
{"learn":[0.01373740461],"iteration":640,"passed_time":1.841792632,"remaining_time":1.031518806},
{"learn":[0.01364291471],"iteration":641,"passed_time":1.844631904,"remaining_time":1.028626514},
{"learn":[0.01358904776],"iteration":642,"passed_time":1.847821092,"remaining_time":1.025928662},
{"learn":[0.01354322007],"iteration":643,"passed_time":1.850660573,"remaining_time":1.023035969},
{"learn":[0.01348777258],"iteration":644,"passed_time":1.853422388,"remaining_time":1.020100694},
{"learn":[0.01337842889],"iteration":645,"passed_time":1.856261244,"remaining_time":1.017208174},
{"learn":[0.01332672022],"iteration":646,"passed_time":1.8591591,"remaining_time":1.014348009},
{"learn":[0.01328687594],"iteration":647,"passed_time":1.861926289,"remaining_time":1.01141675},
{"learn":[0.01324058785],"iteration":648,"passed_time":1.865035185,"remaining_time":1.008670801},
{"learn":[0.0132062603],"iteration":649,"passed_time":1.867803209,"remaining_time":1.005740189},
{"learn":[0.01314719598],"iteration":650,"passed_time":1.870644773,"remaining_time":1.002849502},
{"learn":[0.01312025054],"iteration":651,"passed_time":1.873338505,"remaining_time":0.9998800611},
{"learn":[0.01300611136],"iteration":652,"passed_time":1.876185153,"remaining_time":0.996992723},
{"learn":[0.01298558639],"iteration":653,"passed_time":1.878785552,"remaining_time":0.9939752311},
{"learn":[0.01291494875],"iteration":654,"passed_time":1.881808699,"remaining_time":0.9911816811},
{"learn":[0.01289518247],"iteration":655,"passed_time":1.884613597,"remaining_time":0.9882729838},
{"learn":[0.01287119389],"iteration":656,"passed_time":1.887491536,"remaining_time":0.985402735},
{"learn":[0.01282488013],"iteration":657,"passed_time":1.890293393,"remaining_time":0.9824929183},
{"learn":[0.01273712214],"iteration":658,"passed_time":1.893088332,"remaining_time":0.9795798503},
{"learn":[0.0127177181],"iteration":659,"passed_time":1.895844481,"remaining_time":0.9766471567},
{"learn":[0.01268413281],"iteration":660,"passed_time":1.898863419,"remaining_time":0.9738497716},
{"learn":[0.01264156749],"iteration":661,"passed_time":1.901419319,"remaining_time":0.9708153016},
{"learn":[0.01261120572],"iteration":662,"passed_time":1.904071676,"remaining_time":0.9678313044},
{"learn":[0.01257540147],"iteration":663,"passed_time":1.906806699,"remaining_time":0.9648901371},
{"learn":[0.01252201019],"iteration":664,"passed_time":1.909666764,"remaining_time":0.9620125803},
{"learn":[0.01249376408],"iteration":665,"passed_time":1.912648077,"remaining_time":0.9591958826},
{"learn":[0.01243409279],"iteration":666,"passed_time":1.91527331,"remaining_time":0.9562009178},
{"learn":[0.01240780508],"iteration":667,"passed_time":1.918017792,"remaining_time":0.9532663276},
{"learn":[0.0123567288],"iteration":668,"passed_time":1.920899231,"remaining_time":0.9504000678},
{"learn":[0.01234205774],"iteration":669,"passed_time":1.923587046,"remaining_time":0.9474383959},
{"learn":[0.01230271694],"iteration":670,"passed_time":1.926374403,"remaining_time":0.9445263465},
{"learn":[0.01221422142],"iteration":671,"passed_time":1.929491465,"remaining_time":0.9417755962},
{"learn":[0.01218312555],"iteration":672,"passed_time":1.932561278,"remaining_time":0.9390007994},
{"learn":[0.01215449353],"iteration":673,"passed_time":1.935421093,"remaining_time":0.9361235552},
{"learn":[0.01210569775],"iteration":674,"passed_time":1.938419739,"remaining_time":0.9333132078},
{"learn":[0.0120630954],"iteration":675,"passed_time":1.941294762,"remaining_time":0.9304430515},
{"learn":[0.01203367408],"iteration":676,"passed_time":1.94412366,"remaining_time":0.9275508746},
{"learn":[0.01198686166],"iteration":677,"passed_time":1.947178223,"remaining_time":0.9247660586},
{"learn":[0.01195331545],"iteration":678,"passed_time":1.949994121,"remaining_time":0.9218676182},
{"learn":[0.0119102634],"iteration":679,"passed_time":1.953161016,"remaining_time":0.9191345959},
{"learn":[0.0118972522],"iteration":680,"passed_time":1.955763291,"remaining_time":0.9161358146},
{"learn":[0.01185883711],"iteration":681,"passed_time":1.958517731,"remaining_time":0.9132091472},
{"learn":[0.01178140875],"iteration":682,"passed_time":1.961226629,"remaining_time":0.910261847},
{"learn":[0.01176130943],"iteration":683,"passed_time":1.964039236,"remaining_time":0.9073631557},
{"learn":[0.01172406955],"iteration":684,"passed_time":1.966838842,"remaining_time":0.9044587376},
{"learn":[0.01167259901],"iteration":685,"passed_time":1.969721823,"remaining_time":0.9015927877},
{"learn":[0.01162920326],"iteration":686,"passed_time":1.972323681,"remaining_time":0.8985987075},
{"learn":[0.01157646319],"iteration":687,"passed_time":1.97520287,"remaining_time":0.895731534},
{"learn":[0.01152727245],"iteration":688,"passed_time":1.978294058,"remaining_time":0.8929600173},
{"learn":[0.01150553797],"iteration":689,"passed_time":1.981053039,"remaining_time":0.890038322},
{"learn":[0.01145389741],"iteration":690,"passed_time":1.983858687,"remaining_time":0.8871379658},
{"learn":[0.01142285528],"iteration":691,"passed_time":1.986778876,"remaining_time":0.884288864},
{"learn":[0.01141127979],"iteration":692,"passed_time":1.989365734,"remaining_time":0.8812918908},
{"learn":[0.01138667634],"iteration":693,"passed_time":1.992225632,"remaining_time":0.8784164889},
{"learn":[0.01135285561],"iteration":694,"passed_time":1.995149571,"remaining_time":0.875569236},
{"learn":[0.01132062676],"iteration":695,"passed_time":1.997832303,"remaining_time":0.8726164081},
{"learn":[0.01128802857],"iteration":696,"passed_time":2.000408869,"remaining_time":0.8696182027},
{"learn":[0.01124220516],"iteration":697,"passed_time":2.003222184,"remaining_time":0.8667236381},
{"learn":[0.01116540339],"iteration":698,"passed_time":2.00604204,"remaining_time":0.863832123},
{"learn":[0.01113963285],"iteration":699,"passed_time":2.008949854,"remaining_time":0.8609785088},
{"learn":[0.01111841361],"iteration":700,"passed_time":2.011982125,"remaining_time":0.8581778252},
{"learn":[0.01109406877],"iteration":701,"passed_time":2.014580275,"remaining_time":0.8551921964},
{"learn":[0.01104565638],"iteration":702,"passed_time":2.017498922,"remaining_time":0.8523430723},
{"learn":[0.01100511147],"iteration":703,"passed_time":2.020368361,"remaining_time":0.849473061},
{"learn":[0.01097181142],"iteration":704,"passed_time":2.023302758,"remaining_time":0.8466302322},
{"learn":[0.0109517174],"iteration":705,"passed_time":2.026115948,"remaining_time":0.8437366696},
{"learn":[0.01092198719],"iteration":706,"passed_time":2.028905471,"remaining_time":0.8408335262},
{"learn":[0.01088085488],"iteration":707,"passed_time":2.03178391,"remaining_time":0.8379673755},
{"learn":[0.01084163375],"iteration":708,"passed_time":2.034634266,"remaining_time":0.8350896636},
{"learn":[0.01081615281],"iteration":709,"passed_time":2.037317832,"remaining_time":0.8321439032},
{"learn":[0.01079163662],"iteration":710,"passed_time":2.040330479,"remaining_time":0.8293326418},
{"learn":[0.01077475868],"iteration":711,"passed_time":2.043232959,"remaining_time":0.8264762532},
{"learn":[0.01074576155],"iteration":712,"passed_time":2.04611119,"remaining_time":0.8236099741},
{"learn":[0.01067185215],"iteration":713,"passed_time":2.048675173,"remaining_time":0.8206177864},
{"learn":[0.01061701857],"iteration":714,"passed_time":2.051306364,"remaining_time":0.8176535856},
{"learn":[0.0105845253],"iteration":715,"passed_time":2.053975638,"remaining_time":0.8147054206},
{"learn":[0.01055747282],"iteration":716,"passed_time":2.056868952,"remaining_time":0.8118464622},
{"learn":[0.01053820387],"iteration":717,"passed_time":2.059430268,"remaining_time":0.8088570134},
{"learn":[0.01051698755],"iteration":718,"passed_time":2.06219675,"remaining_time":0.8059489384},
{"learn":[0.01050247105],"iteration":719,"passed_time":2.064823232,"remaining_time":0.8029868126},
{"learn":[0.01048036877],"iteration":720,"passed_time":2.067546798,"remaining_time":0.8000631852},
{"learn":[0.01044648662],"iteration":721,"passed_time":2.070392945,"remaining_time":0.7971873114},
{"learn":[0.0104249912],"iteration":722,"passed_time":2.073264551,"remaining_time":0.7943212734},
{"learn":[0.01040058589],"iteration":723,"passed_time":2.076348697,"remaining_time":0.7915362438},
{"learn":[0.01033027336],"iteration":724,"passed_time":2.079166929,"remaining_time":0.7886495247},
{"learn":[0.01030859495],"iteration":725,"passed_time":2.081839119,"remaining_time":0.785707877},
{"learn":[0.01027341817],"iteration":726,"passed_time":2.084646392,"remaining_time":0.7828176961},
{"learn":[0.01024908065],"iteration":727,"passed_time":2.087492498,"remaining_time":0.7799422521},
{"learn":[0.0102205664],"iteration":728,"passed_time":2.090470937,"remaining_time":0.7771160822},
{"learn":[0.01019296949],"iteration":729,"passed_time":2.093184586,"remaining_time":0.774191559},
{"learn":[0.0101825235],"iteration":730,"passed_time":2.095913734,"remaining_time":0.7712733166},
{"learn":[0.01015209684],"iteration":731,"passed_time":2.098582758,"remaining_time":0.7683335781},
{"learn":[0.01011502006],"iteration":732,"passed_time":2.101406448,"remaining_time":0.7654509161},
{"learn":[0.01007508662],"iteration":733,"passed_time":2.104552635,"remaining_time":0.7626852873},
{"learn":[0.01003737192],"iteration":734,"passed_time":2.107551032,"remaining_time":0.759865338},
{"learn":[0.01001890717],"iteration":735,"passed_time":2.110481012,"remaining_time":0.7570203631},
{"learn":[0.009979930696],"iteration":736,"passed_time":2.113451659,"remaining_time":0.7541896694},
{"learn":[0.009959983453],"iteration":737,"passed_time":2.116632471,"remaining_time":0.751433208},
{"learn":[0.009931918839],"iteration":738,"passed_time":2.119479452,"remaining_time":0.7485576956},
{"learn":[0.009887807502],"iteration":739,"passed_time":2.122429183,"remaining_time":0.7457183615},
{"learn":[0.009869755954],"iteration":740,"passed_time":2.125187706,"remaining_time":0.7428118973},
{"learn":[0.00982868815],"iteration":741,"passed_time":2.12813727,"remaining_time":0.7399722582},
{"learn":[0.009799738826],"iteration":742,"passed_time":2.13110575,"remaining_time":0.7371388665},
{"learn":[0.009764102207],"iteration":743,"passed_time":2.133949106,"remaining_time":0.734262058},
{"learn":[0.009744716453],"iteration":744,"passed_time":2.136740379,"remaining_time":0.7313675124},
{"learn":[0.00970908537],"iteration":745,"passed_time":2.139756526,"remaining_time":0.7285498091},
{"learn":[0.009664288407],"iteration":746,"passed_time":2.142641173,"remaining_time":0.7256870373},
{"learn":[0.009635826223],"iteration":747,"passed_time":2.145373572,"remaining_time":0.7227729146},
{"learn":[0.00959547061],"iteration":748,"passed_time":2.148136637,"remaining_time":0.7198695539},
{"learn":[0.009582116525],"iteration":749,"passed_time":2.150911077,"remaining_time":0.7169703589},
{"learn":[0.009552894525],"iteration":750,"passed_time":2.153629725,"remaining_time":0.7140529982},
{"learn":[0.009536664152],"iteration":751,"passed_time":2.156543289,"remaining_time":0.7112004465},
{"learn":[0.009516243724],"iteration":752,"passed_time":2.15925148,"remaining_time":0.7082803658},
{"learn":[0.009500166434],"iteration":753,"passed_time":2.161986211,"remaining_time":0.7053695067},
{"learn":[0.009470808454],"iteration":754,"passed_time":2.164931067,"remaining_time":0.7025272999},
{"learn":[0.009452440054],"iteration":755,"passed_time":2.167860589,"remaining_time":0.6996798727},
{"learn":[0.009433408516],"iteration":756,"passed_time":2.170844361,"remaining_time":0.6968496429},
{"learn":[0.009418510247],"iteration":757,"passed_time":2.173687175,"remaining_time":0.6939740059},
{"learn":[0.009403731972],"iteration":758,"passed_time":2.176589031,"remaining_time":0.6911172022},
{"learn":[0.00938245166],"iteration":759,"passed_time":2.179103223,"remaining_time":0.6881378598},
{"learn":[0.009347584185],"iteration":760,"passed_time":2.181777997,"remaining_time":0.6852101724},
{"learn":[0.009329483823],"iteration":761,"passed_time":2.184521395,"remaining_time":0.6823045827},
{"learn":[0.009302355911],"iteration":762,"passed_time":2.18723971,"remaining_time":0.6793916269},
{"learn":[0.009291021645],"iteration":763,"passed_time":2.190066025,"remaining_time":0.6765125417},
{"learn":[0.009259424016],"iteration":764,"passed_time":2.193646084,"remaining_time":0.673865137},
{"learn":[0.009240423302],"iteration":765,"passed_time":2.196381691,"remaining_time":0.6709573312},
{"learn":[0.009225581665],"iteration":766,"passed_time":2.198911424,"remaining_time":0.667987434},
{"learn":[0.009203309646],"iteration":767,"passed_time":2.201800072,"remaining_time":0.665127105},
{"learn":[0.009167452003],"iteration":768,"passed_time":2.20462422,"remaining_time":0.6622473274},
{"learn":[0.009139087625],"iteration":769,"passed_time":2.207525742,"remaining_time":0.6593908061},
{"learn":[0.009118489647],"iteration":770,"passed_time":2.210247016,"remaining_time":0.6564806311},
{"learn":[0.009106936446],"iteration":771,"passed_time":2.212934123,"remaining_time":0.6535608549},
{"learn":[0.009088059614],"iteration":772,"passed_time":2.215662855,"remaining_time":0.6506539043},
{"learn":[0.009029335993],"iteration":773,"passed_time":2.218476628,"remaining_time":0.6477722453},
{"learn":[0.009007674808],"iteration":774,"passed_time":2.221007861,"remaining_time":0.6448087338},
{"learn":[0.008975394469],"iteration":775,"passed_time":2.223830759,"remaining_time":0.6419305283},
{"learn":[0.008947171254],"iteration":776,"passed_time":2.226644323,"remaining_time":0.6390497865},
{"learn":[0.008921919381],"iteration":777,"passed_time":2.229327722,"remaining_time":0.636132075},
{"learn":[0.008894022966],"iteration":778,"passed_time":2.232139953,"remaining_time":0.6332515144},
{"learn":[0.008869725116],"iteration":779,"passed_time":2.234810186,"remaining_time":0.630331078},
{"learn":[0.008818571356],"iteration":780,"passed_time":2.23772025,"remaining_time":0.6274785335},
{"learn":[0.008799769018],"iteration":781,"passed_time":2.240541314,"remaining_time":0.6246010313},
{"learn":[0.008778674116],"iteration":782,"passed_time":2.243333962,"remaining_time":0.621715798},
{"learn":[0.008750521803],"iteration":783,"passed_time":2.24595907,"remaining_time":0.6187846417},
{"learn":[0.008740372482],"iteration":784,"passed_time":2.248444512,"remaining_time":0.6158160128},
{"learn":[0.008726921579],"iteration":785,"passed_time":2.251160119,"remaining_time":0.6129112791},
{"learn":[0.008716406133],"iteration":786,"passed_time":2.253893809,"remaining_time":0.6100119203},
{"learn":[0.008695172395],"iteration":787,"passed_time":2.256881081,"remaining_time":0.6071812044},
{"learn":[0.008648915464],"iteration":788,"passed_time":2.260119434,"remaining_time":0.6044172378},
{"learn":[0.008631981874],"iteration":789,"passed_time":2.263352663,"remaining_time":0.6016507078},
{"learn":[0.008592541248],"iteration":790,"passed_time":2.266350434,"remaining_time":0.5988207848},
{"learn":[0.008563201405],"iteration":791,"passed_time":2.269159332,"remaining_time":0.5959408348},
{"learn":[0.008538847925],"iteration":792,"passed_time":2.271974272,"remaining_time":0.593062641},
{"learn":[0.008513813385],"iteration":793,"passed_time":2.274942252,"remaining_time":0.5902243123},
{"learn":[0.008475708039],"iteration":794,"passed_time":2.27801969,"remaining_time":0.5874138824},
{"learn":[0.008449470338],"iteration":795,"passed_time":2.28081038,"remaining_time":0.5845292933},
{"learn":[0.008414391544],"iteration":796,"passed_time":2.283388571,"remaining_time":0.5815908155},
{"learn":[0.008399167986],"iteration":797,"passed_time":2.286223802,"remaining_time":0.5787183058},
{"learn":[0.008376277847],"iteration":798,"passed_time":2.289135991,"remaining_time":0.5758652494},
{"learn":[0.008360467804],"iteration":799,"passed_time":2.291919389,"remaining_time":0.5729798474},
{"learn":[0.008341876393],"iteration":800,"passed_time":2.294822245,"remaining_time":0.570124378},
{"learn":[0.008325301884],"iteration":801,"passed_time":2.29753231,"remaining_time":0.5672211938},
{"learn":[0.008309626595],"iteration":802,"passed_time":2.30029775,"remaining_time":0.5643320757},
{"learn":[0.008290368233],"iteration":803,"passed_time":2.30305894,"remaining_time":0.5614422292},
{"learn":[0.008250246128],"iteration":804,"passed_time":2.306326169,"remaining_time":0.5586752831},
{"learn":[0.008222746356],"iteration":805,"passed_time":2.309233816,"remaining_time":0.5558205463},
{"learn":[0.008199321],"iteration":806,"passed_time":2.312442378,"remaining_time":0.5530376443},
{"learn":[0.008182887957],"iteration":807,"passed_time":2.31540165,"remaining_time":0.5501944515},
{"learn":[0.008168946036],"iteration":808,"passed_time":2.318496796,"remaining_time":0.5473830507},
{"learn":[0.008159209544],"iteration":809,"passed_time":2.321122404,"remaining_time":0.5444608107},
{"learn":[0.00813714091],"iteration":810,"passed_time":2.324069801,"remaining_time":0.5416142939},
{"learn":[0.008113214602],"iteration":811,"passed_time":2.326944073,"remaining_time":0.5387505982},
{"learn":[0.008102956382],"iteration":812,"passed_time":2.329828679,"remaining_time":0.5358892534},
{"learn":[0.00806917953],"iteration":813,"passed_time":2.332832409,"remaining_time":0.5330550714},
{"learn":[0.008027793297],"iteration":814,"passed_time":2.335703307,"remaining_time":0.5301903212},
{"learn":[0.007993893363],"iteration":815,"passed_time":2.338581579,"remaining_time":0.5273272188},
{"learn":[0.007972675432],"iteration":816,"passed_time":2.341646101,"remaining_time":0.5245057973},
{"learn":[0.0079577922],"iteration":817,"passed_time":2.346118196,"remaining_time":0.521996958},
{"learn":[0.007939554409],"iteration":818,"passed_time":2.348886386,"remaining_time":0.5191067592},
{"learn":[0.007924192084],"iteration":819,"passed_time":2.351765617,"remaining_time":0.5162412329},
{"learn":[0.007909173903],"iteration":820,"passed_time":2.354600973,"remaining_time":0.5133661073},
{"learn":[0.007893856776],"iteration":821,"passed_time":2.357365663,"remaining_time":0.5104757761},
{"learn":[0.007880964393],"iteration":822,"passed_time":2.360156894,"remaining_time":0.5075914584},
{"learn":[0.007852519192],"iteration":823,"passed_time":2.363106333,"remaining_time":0.5047411585},
{"learn":[0.007840968195],"iteration":824,"passed_time":2.365413276,"remaining_time":0.5017543312},
{"learn":[0.007805119234],"iteration":825,"passed_time":2.368338506,"remaining_time":0.4988993948},
{"learn":[0.007779499945],"iteration":826,"passed_time":2.371265654,"remaining_time":0.4960446893},
{"learn":[0.00776271225],"iteration":827,"passed_time":2.37428905,"remaining_time":0.4932098027},
{"learn":[0.007741597052],"iteration":828,"passed_time":2.377080323,"remaining_time":0.4903265806},
{"learn":[0.007728924391],"iteration":829,"passed_time":2.379989512,"remaining_time":0.4874677314},
{"learn":[0.007698364124],"iteration":830,"passed_time":2.382893201,"remaining_time":0.4846076426},
{"learn":[0.007679901869],"iteration":831,"passed_time":2.385540017,"remaining_time":0.4816955804},
{"learn":[0.00766768814],"iteration":832,"passed_time":2.388320624,"remaining_time":0.4788109774},
{"learn":[0.007654353082],"iteration":833,"passed_time":2.391333812,"remaining_time":0.475972917},
{"learn":[0.007631404127],"iteration":834,"passed_time":2.394116668,"remaining_time":0.4730889225},
{"learn":[0.007606261058],"iteration":835,"passed_time":2.397016232,"remaining_time":0.4702280647},
{"learn":[0.007582344028],"iteration":836,"passed_time":2.399551924,"remaining_time":0.4672962528},
{"learn":[0.007572294774],"iteration":837,"passed_time":2.401849075,"remaining_time":0.4643192723},
{"learn":[0.007559734346],"iteration":838,"passed_time":2.404738723,"remaining_time":0.4614576095},
{"learn":[0.007547399414],"iteration":839,"passed_time":2.40747183,"remaining_time":0.4585660628},
{"learn":[0.007538847751],"iteration":840,"passed_time":2.409807481,"remaining_time":0.4555997496},
{"learn":[0.007528694604],"iteration":841,"passed_time":2.412740628,"remaining_time":0.4527470537},
{"learn":[0.007496801433],"iteration":842,"passed_time":2.415875732,"remaining_time":0.4499317793},
{"learn":[0.007478830481],"iteration":843,"passed_time":2.418869587,"remaining_time":0.4470896393},
{"learn":[0.007446961423],"iteration":844,"passed_time":2.42203015,"remaining_time":0.4442777197},
{"learn":[0.007432028656],"iteration":845,"passed_time":2.424651965,"remaining_time":0.4413669062},
{"learn":[0.007394780518],"iteration":846,"passed_time":2.427588071,"remaining_time":0.4385135476},
{"learn":[0.007375239431],"iteration":847,"passed_time":2.430677384,"remaining_time":0.4356874556},
{"learn":[0.007355427535],"iteration":848,"passed_time":2.433573489,"remaining_time":0.4328263803},
{"learn":[0.007345143473],"iteration":849,"passed_time":2.436430595,"remaining_time":0.4299583404},
{"learn":[0.007324561175],"iteration":850,"passed_time":2.439310076,"remaining_time":0.4270942437},
{"learn":[0.007307612559],"iteration":851,"passed_time":2.442278057,"remaining_time":0.424245484},
{"learn":[0.007295417601],"iteration":852,"passed_time":2.445264995,"remaining_time":0.4213997119},
{"learn":[0.00726629729],"iteration":853,"passed_time":2.448184392,"remaining_time":0.4185420624},
{"learn":[0.007253283928],"iteration":854,"passed_time":2.450935624,"remaining_time":0.4156557491},
{"learn":[0.007231012705],"iteration":855,"passed_time":2.453673314,"remaining_time":0.4127674734},
{"learn":[0.0072162815],"iteration":856,"passed_time":2.456561378,"remaining_time":0.4099046407},
{"learn":[0.007204157905],"iteration":857,"passed_time":2.459286485,"remaining_time":0.4070147796},
{"learn":[0.0071916555],"iteration":858,"passed_time":2.4620073,"remaining_time":0.4041245976},
{"learn":[0.007178180275],"iteration":859,"passed_time":2.464697533,"remaining_time":0.4012298309},
{"learn":[0.007163092667],"iteration":860,"passed_time":2.467723721,"remaining_time":0.3983897761},
{"learn":[0.007152405632],"iteration":861,"passed_time":2.470618535,"remaining_time":0.3955282573},
{"learn":[0.007140363265],"iteration":862,"passed_time":2.473310309,"remaining_time":0.3926344291},
{"learn":[0.007131995275],"iteration":863,"passed_time":2.476222123,"remaining_time":0.3897757045},
{"learn":[0.007111823826],"iteration":864,"passed_time":2.478843022,"remaining_time":0.3868714543},
{"learn":[0.007097870156],"iteration":865,"passed_time":2.481439005,"remaining_time":0.383964003},
{"learn":[0.00707674497],"iteration":866,"passed_time":2.484278236,"remaining_time":0.3810945852},
{"learn":[0.007064576043],"iteration":867,"passed_time":2.487003801,"remaining_time":0.3782079513},
{"learn":[0.007037549651],"iteration":868,"passed_time":2.489965573,"remaining_time":0.3753572958},
{"learn":[0.00702280003],"iteration":869,"passed_time":2.492871637,"remaining_time":0.3724980607},
{"learn":[0.007010669277],"iteration":870,"passed_time":2.496044366,"remaining_time":0.3696782126},
{"learn":[0.006994005116],"iteration":871,"passed_time":2.499013929,"remaining_time":0.3668277328},
{"learn":[0.006961121662],"iteration":872,"passed_time":2.50194066,"remaining_time":0.3639707489},
{"learn":[0.006951056614],"iteration":873,"passed_time":2.504618059,"remaining_time":0.3610776607},
{"learn":[0.006934701053],"iteration":874,"passed_time":2.507581414,"remaining_time":0.3582259163},
{"learn":[0.006905436361],"iteration":875,"passed_time":2.510473353,"remaining_time":0.355363808},
{"learn":[0.006880539484],"iteration":876,"passed_time":2.5134,"remaining_time":0.3525064995},
{"learn":[0.006856654825],"iteration":877,"passed_time":2.516269398,"remaining_time":0.3496410781},
{"learn":[0.006847669498],"iteration":878,"passed_time":2.519135587,"remaining_time":0.346775206},
{"learn":[0.006819131524],"iteration":879,"passed_time":2.521916236,"remaining_time":0.3438976685},
{"learn":[0.006793601346],"iteration":880,"passed_time":2.524702467,"remaining_time":0.3410211051},
{"learn":[0.006771839232],"iteration":881,"passed_time":2.527526032,"remaining_time":0.3381497412},
{"learn":[0.006754810869],"iteration":882,"passed_time":2.53033868,"remaining_time":0.3352770391},
{"learn":[0.006729938416],"iteration":883,"passed_time":2.533174119,"remaining_time":0.3324074636},
{"learn":[0.006696892595],"iteration":884,"passed_time":2.535983142,"remaining_time":0.3295345326},
{"learn":[0.006683192611],"iteration":885,"passed_time":2.538672999,"remaining_time":0.326646413},
{"learn":[0.006671072798],"iteration":886,"passed_time":2.541494897,"remaining_time":0.3237755619},
{"learn":[0.006663812083],"iteration":887,"passed_time":2.544335711,"remaining_time":0.3209072069},
{"learn":[0.006649680097],"iteration":888,"passed_time":2.547291483,"remaining_time":0.3180532673},
{"learn":[0.006623155333],"iteration":889,"passed_time":2.550185839,"remaining_time":0.3151915082},
{"learn":[0.00661043557],"iteration":890,"passed_time":2.553171069,"remaining_time":0.312340793},
{"learn":[0.006588626132],"iteration":891,"passed_time":2.555901093,"remaining_time":0.3094588767},
{"learn":[0.006576354634],"iteration":892,"passed_time":2.55879674,"remaining_time":0.3065971458},
{"learn":[0.006557647769],"iteration":893,"passed_time":2.561720929,"remaining_time":0.3037387232},
{"learn":[0.006539695328],"iteration":894,"passed_time":2.564443036,"remaining_time":0.3008564456},
{"learn":[0.006531086781],"iteration":895,"passed_time":2.567153976,"remaining_time":0.2979732294},
{"learn":[0.00652006053],"iteration":896,"passed_time":2.570082207,"remaining_time":0.2951153482},
{"learn":[0.006507724553],"iteration":897,"passed_time":2.572849022,"remaining_time":0.2922389758},
{"learn":[0.006499177044],"iteration":898,"passed_time":2.575557296,"remaining_time":0.2893562701},
{"learn":[0.00647755534],"iteration":899,"passed_time":2.578432443,"remaining_time":0.2864924937},
{"learn":[0.006466764164],"iteration":900,"passed_time":2.581432382,"remaining_time":0.2836424037},
{"learn":[0.006458285126],"iteration":901,"passed_time":2.584617152,"remaining_time":0.2808120631},
{"learn":[0.00643865807],"iteration":902,"passed_time":2.587333967,"remaining_time":0.2779306698},
{"learn":[0.00643226816],"iteration":903,"passed_time":2.590286781,"remaining_time":0.2750747024},
{"learn":[0.006421826054],"iteration":904,"passed_time":2.593387344,"remaining_time":0.2722340306},
{"learn":[0.006404393783],"iteration":905,"passed_time":2.596114284,"remaining_time":0.2693540206},
{"learn":[0.006382629222],"iteration":906,"passed_time":2.599046056,"remaining_time":0.2664953508},
{"learn":[0.006370895675],"iteration":907,"passed_time":2.601784038,"remaining_time":0.2636168849},
{"learn":[0.006359333918],"iteration":908,"passed_time":2.604797143,"remaining_time":0.2607662706},
{"learn":[0.006352443356],"iteration":909,"passed_time":2.607324501,"remaining_time":0.2578672583},
{"learn":[0.006337487244],"iteration":910,"passed_time":2.609968734,"remaining_time":0.25498048},
{"learn":[0.006320102334],"iteration":911,"passed_time":2.612747882,"remaining_time":0.2521072517},
{"learn":[0.006310259238],"iteration":912,"passed_time":2.615582405,"remaining_time":0.2492395062},
{"learn":[0.006299868229],"iteration":913,"passed_time":2.618415677,"remaining_time":0.2463717158},
{"learn":[0.00629065229],"iteration":914,"passed_time":2.621074701,"remaining_time":0.2434878138},
{"learn":[0.0062791239],"iteration":915,"passed_time":2.623825183,"remaining_time":0.2406127897},
{"learn":[0.00626821802],"iteration":916,"passed_time":2.626500624,"remaining_time":0.2377312451},
{"learn":[0.006256354554],"iteration":917,"passed_time":2.629174189,"remaining_time":0.234849982},
{"learn":[0.006245442064],"iteration":918,"passed_time":2.632197252,"remaining_time":0.2319999755},
{"learn":[0.006236849277],"iteration":919,"passed_time":2.635283899,"remaining_time":0.2291551216},
{"learn":[0.00621880576],"iteration":920,"passed_time":2.638228212,"remaining_time":0.226297534},
{"learn":[0.006210606596],"iteration":921,"passed_time":2.641161151,"remaining_time":0.2234387959},
{"learn":[0.006192161591],"iteration":922,"passed_time":2.644477046,"remaining_time":0.2206118446},
{"learn":[0.006183160457],"iteration":923,"passed_time":2.647358943,"remaining_time":0.2177481382},
{"learn":[0.006168982548],"iteration":924,"passed_time":2.650138883,"remaining_time":0.2148761257},
{"learn":[0.006155226199],"iteration":925,"passed_time":2.652984864,"remaining_time":0.2120095896},
{"learn":[0.006142134448],"iteration":926,"passed_time":2.655809095,"remaining_time":0.2091413851},
{"learn":[0.006132119243],"iteration":927,"passed_time":2.658389703,"remaining_time":0.2062543735},
{"learn":[0.006119680107],"iteration":928,"passed_time":2.661433808,"remaining_time":0.203403445},
{"learn":[0.00611277405],"iteration":929,"passed_time":2.664359997,"remaining_time":0.2005432256},
{"learn":[0.006103125454],"iteration":930,"passed_time":2.667390185,"remaining_time":0.1976905723},
{"learn":[0.006095467777],"iteration":931,"passed_time":2.670241791,"remaining_time":0.1948245084},
{"learn":[0.006088132275],"iteration":932,"passed_time":2.67316473,"remaining_time":0.191963598},
{"learn":[0.006076778577],"iteration":933,"passed_time":2.67587117,"remaining_time":0.1890872562},
{"learn":[0.006066644878],"iteration":934,"passed_time":2.679039691,"remaining_time":0.186243401},
{"learn":[0.006057549077],"iteration":935,"passed_time":2.681876256,"remaining_time":0.1833761542},
{"learn":[0.006043212926],"iteration":936,"passed_time":2.684870111,"remaining_time":0.1805195485},
{"learn":[0.006033935563],"iteration":937,"passed_time":2.687884257,"remaining_time":0.1776639914},
{"learn":[0.006025216618],"iteration":938,"passed_time":2.690863737,"remaining_time":0.1748058445},
{"learn":[0.006017611316],"iteration":939,"passed_time":2.69372951,"remaining_time":0.1719401815},
{"learn":[0.006009308358],"iteration":940,"passed_time":2.696622074,"remaining_time":0.1690761981},
{"learn":[0.005998497844],"iteration":941,"passed_time":2.699467264,"remaining_time":0.166209237},
{"learn":[0.005989677022],"iteration":942,"passed_time":2.702406369,"remaining_time":0.163347999},
{"learn":[0.005978318509],"iteration":943,"passed_time":2.705404557,"remaining_time":0.1604901009},
{"learn":[0.005954992733],"iteration":944,"passed_time":2.708347746,"remaining_time":0.1576287048},
{"learn":[0.005946200461],"iteration":945,"passed_time":2.711194061,"remaining_time":0.154761606},
{"learn":[0.005938354961],"iteration":946,"passed_time":2.714062458,"remaining_time":0.151895787},
{"learn":[0.005919693957],"iteration":947,"passed_time":2.716667441,"remaining_time":0.1490155136},
{"learn":[0.005907334827],"iteration":948,"passed_time":2.719407714,"remaining_time":0.1461430911},
{"learn":[0.005897274027],"iteration":949,"passed_time":2.722038114,"remaining_time":0.1432651639},
{"learn":[0.005883648614],"iteration":950,"passed_time":2.724761845,"remaining_time":0.1403925662},
{"learn":[0.005866303765],"iteration":951,"passed_time":2.7278732,"remaining_time":0.1375398252},
{"learn":[0.005858596212],"iteration":952,"passed_time":2.731247511,"remaining_time":0.13469951},
{"learn":[0.005849513658],"iteration":953,"passed_time":2.733916035,"remaining_time":0.1318240436},
{"learn":[0.005834303758],"iteration":954,"passed_time":2.736694516,"remaining_time":0.1289541919},
{"learn":[0.005820510596],"iteration":955,"passed_time":2.744482673,"remaining_time":0.1263151021},
{"learn":[0.005809520889],"iteration":956,"passed_time":2.747206613,"remaining_time":0.1234377057},
{"learn":[0.005800025828],"iteration":957,"passed_time":2.749921137,"remaining_time":0.1205602168},
{"learn":[0.005795134398],"iteration":958,"passed_time":2.752552202,"remaining_time":0.1176794998},
{"learn":[0.00578081666],"iteration":959,"passed_time":2.755563474,"remaining_time":0.1148151447},
{"learn":[0.005765940011],"iteration":960,"passed_time":2.758759369,"remaining_time":0.1119579765},
{"learn":[0.005749052779],"iteration":961,"passed_time":2.761487393,"remaining_time":0.1090816226},
{"learn":[0.005728520467],"iteration":962,"passed_time":2.764291458,"remaining_time":0.1062084984},
{"learn":[0.005714025859],"iteration":963,"passed_time":2.767063856,"remaining_time":0.1033343349},
{"learn":[0.005707781369],"iteration":964,"passed_time":2.769840962,"remaining_time":0.100460553},
{"learn":[0.005699867207],"iteration":965,"passed_time":2.772895317,"remaining_time":0.09759672959},
{"learn":[0.005688378039],"iteration":966,"passed_time":2.775907297,"remaining_time":0.09473106598},
{"learn":[0.005678152395],"iteration":967,"passed_time":2.778633404,"remaining_time":0.09185564972},
{"learn":[0.005670926417],"iteration":968,"passed_time":2.781727467,"remaining_time":0.08899231318},
{"learn":[0.005658781072],"iteration":969,"passed_time":2.784639447,"remaining_time":0.08612286951},
{"learn":[0.005643697868],"iteration":970,"passed_time":2.787285513,"remaining_time":0.08324539638},
{"learn":[0.005629152098],"iteration":971,"passed_time":2.790074745,"remaining_time":0.08037252351},
{"learn":[0.00561994214],"iteration":972,"passed_time":2.792848893,"remaining_time":0.07749940401},
{"learn":[0.005611475169],"iteration":973,"passed_time":2.795574666,"remaining_time":0.07462519643},
{"learn":[0.00560071186],"iteration":974,"passed_time":2.798624813,"remaining_time":0.07175961058},
{"learn":[0.005591557247],"iteration":975,"passed_time":2.801555418,"remaining_time":0.06889070701},
{"learn":[0.005582899798],"iteration":976,"passed_time":2.804349108,"remaining_time":0.06601845392},
{"learn":[0.005576969243],"iteration":977,"passed_time":2.80705934,"remaining_time":0.06314448413},
{"learn":[0.005560344185],"iteration":978,"passed_time":2.810161153,"remaining_time":0.06027924842},
{"learn":[0.0055503935],"iteration":979,"passed_time":2.813169799,"remaining_time":0.05741162856},
{"learn":[0.005536371447],"iteration":980,"passed_time":2.815865698,"remaining_time":0.05453766388},
{"learn":[0.005530822165],"iteration":981,"passed_time":2.818602013,"remaining_time":0.05166480269},
{"learn":[0.005520082304],"iteration":982,"passed_time":2.821252579,"remaining_time":0.04879073636},
{"learn":[0.005512623173],"iteration":983,"passed_time":2.824053352,"remaining_time":0.0459195667},
{"learn":[0.005496221517],"iteration":984,"passed_time":2.826903833,"remaining_time":0.04304929695},
{"learn":[0.005489633914],"iteration":985,"passed_time":2.829720064,"remaining_time":0.04017858104},
{"learn":[0.005483441868],"iteration":986,"passed_time":2.832940751,"remaining_time":0.0373133027},
{"learn":[0.005473614712],"iteration":987,"passed_time":2.835827274,"remaining_time":0.03444324624},
{"learn":[0.005464521845],"iteration":988,"passed_time":2.838688671,"remaining_time":0.03157287703},
{"learn":[0.005455039999],"iteration":989,"passed_time":2.841271196,"remaining_time":0.02869970905},
{"learn":[0.005443144884],"iteration":990,"passed_time":2.844071219,"remaining_time":0.0258291029},
{"learn":[0.005436501256],"iteration":991,"passed_time":2.847294114,"remaining_time":0.02296204931},
{"learn":[0.005429949965],"iteration":992,"passed_time":2.850060929,"remaining_time":0.02009106395},
{"learn":[0.005415809712],"iteration":993,"passed_time":2.852839661,"remaining_time":0.01722036012},
{"learn":[0.00541070747],"iteration":994,"passed_time":2.855536476,"remaining_time":0.01434942953},
{"learn":[0.005397439921],"iteration":995,"passed_time":2.858205417,"remaining_time":0.01147873661},
{"learn":[0.005389246725],"iteration":996,"passed_time":2.860794316,"remaining_time":0.008608207571},
{"learn":[0.005383209814],"iteration":997,"passed_time":2.863507673,"remaining_time":0.005738492331},
{"learn":[0.005371417889],"iteration":998,"passed_time":2.866357946,"remaining_time":0.002869227173},
{"learn":[0.005360608595],"iteration":999,"passed_time":2.869238552,"remaining_time":0}
]}